month,vintage,active_customers,mrr_cop,arpa_cop
2022-01,Base (active Jan-22),377,35000308.35,92839.01
2022-02,Base (active Jan-22),349,32671429.35,93614.41
2022-03,Base (active Jan-22),342,29826949.95,87213.3
2022-04,Base (active Jan-22),351,36414822.57,103745.93
2022-05,Base (active Jan-22),343,33583147.29,97910.05
2022-06,Base (active Jan-22),322,26688695.25,82884.15
2022-07,Base (active Jan-22),343,30205874.58,88063.77
2022-08,Base (active Jan-22),343,37754955.63,110072.76
2022-09,Base (active Jan-22),344,33481686.21,97330.48
2022-10,Base (active Jan-22),343,31358735.1,91424.88
2022-11,Base (active Jan-22),340,31344531.33,92189.8
2022-12,Base (active Jan-22),342,33159290.43,96956.99
2023-01,Base (active Jan-22),332,30693308.52,92449.72
2023-02,Base (active Jan-22),327,30098167.26,92043.32
2023-03,Base (active Jan-22),328,30228426.27,92159.84
2023-04,Base (active Jan-22),319,29673647.22,93020.84
2023-05,Base (active Jan-22),323,32110463.7,99413.2
2023-06,Base (active Jan-22),320,30327710.07,94774.09
2023-07,Base (active Jan-22),316,29102964.87,92097.99
2023-08,Base (active Jan-22),318,30755252.22,96714.63
2023-09,Base (active Jan-22),318,30258644.01,95152.97
2023-10,Base (active Jan-22),313,30271200.75,96713.1
2023-11,Base (active Jan-22),317,31794008.82,100296.56
2023-12,Base (active Jan-22),316,31481074.38,99623.65
2024-01,Base (active Jan-22),313,29605779.42,94587.15
2024-02,Base (active Jan-22),307,27623355.69,89978.36
2024-03,Base (active Jan-22),302,27846389.34,92206.59
2024-04,Base (active Jan-22),305,29777510.07,97631.18
2024-05,Base (active Jan-22),305,28707503.79,94122.96
2024-06,Base (active Jan-22),302,27638166.99,91517.11
2024-07,Base (active Jan-22),300,28001700.09,93339.0
2024-08,Base (active Jan-22),301,28309982.4,94053.1
2024-09,Base (active Jan-22),298,27601907.13,92623.85
2024-10,Base (active Jan-22),298,29021572.65,97387.83
2022-01,Feb-22 entries (flagged),0,0.0,
2022-02,Feb-22 entries (flagged),108,11147080.56,103213.71
2022-03,Feb-22 entries (flagged),95,6937849.38,73029.99
2022-04,Feb-22 entries (flagged),101,6668099.34,66020.79
2022-05,Feb-22 entries (flagged),104,6915767.67,66497.77
2022-06,Feb-22 entries (flagged),92,5642693.07,61333.62
2022-07,Feb-22 entries (flagged),103,7457274.09,72400.72
2022-08,Feb-22 entries (flagged),102,6358608.27,62339.3
2022-09,Feb-22 entries (flagged),103,6158232.78,59788.67
2022-10,Feb-22 entries (flagged),101,6112612.38,60520.91
2022-11,Feb-22 entries (flagged),101,5717307.96,56607.01
2022-12,Feb-22 entries (flagged),104,8925382.41,85820.98
2023-01,Feb-22 entries (flagged),98,7762841.52,79212.67
2023-02,Feb-22 entries (flagged),100,6618118.92,66181.19
2023-03,Feb-22 entries (flagged),97,6854762.88,70667.66
2023-04,Feb-22 entries (flagged),93,6253655.52,67243.61
2023-05,Feb-22 entries (flagged),91,5684552.58,62467.61
2023-06,Feb-22 entries (flagged),89,6184732.68,69491.38
2023-07,Feb-22 entries (flagged),90,5640805.38,62675.62
2023-08,Feb-22 entries (flagged),90,6219888.78,69109.88
2023-09,Feb-22 entries (flagged),92,6116788.23,66486.83
2023-10,Feb-22 entries (flagged),90,5915384.79,65726.5
2023-11,Feb-22 entries (flagged),89,5840132.97,65619.47
2023-12,Feb-22 entries (flagged),88,5652088.89,64228.28
2024-01,Feb-22 entries (flagged),85,6016208.31,70778.92
2024-02,Feb-22 entries (flagged),85,5692291.5,66968.14
2024-03,Feb-22 entries (flagged),84,5699644.65,67852.91
2024-04,Feb-22 entries (flagged),82,5314117.83,64806.32
2024-05,Feb-22 entries (flagged),85,5850712.98,68831.92
2024-06,Feb-22 entries (flagged),84,5656049.49,67333.92
2024-07,Feb-22 entries (flagged),84,5873231.49,69919.42
2024-08,Feb-22 entries (flagged),83,5927099.01,71410.83
2024-09,Feb-22 entries (flagged),83,5920811.19,71335.07
2024-10,Feb-22 entries (flagged),81,5658657.48,69859.97
2022-01,2022 (Mar–Dec),0,0.0,
2022-02,2022 (Mar–Dec),0,0.0,
2022-03,2022 (Mar–Dec),30,2780438.64,92681.29
2022-04,2022 (Mar–Dec),47,5712000.0,121531.91
2022-05,2022 (Mar–Dec),85,8800278.9,103532.69
2022-06,2022 (Mar–Dec),106,7213808.28,68054.8
2022-07,2022 (Mar–Dec),140,11715221.28,83680.15
2022-08,2022 (Mar–Dec),164,10977431.64,66935.56
2022-09,2022 (Mar–Dec),182,10823848.77,59471.7
2022-10,2022 (Mar–Dec),210,11797094.61,56176.64
2022-11,2022 (Mar–Dec),228,13212389.61,57949.08
2022-12,2022 (Mar–Dec),251,20327298.81,80985.25
2023-01,2022 (Mar–Dec),243,14213836.98,58493.16
2023-02,2022 (Mar–Dec),246,14367333.12,58403.79
2023-03,2022 (Mar–Dec),241,13824868.68,57364.6
2023-04,2022 (Mar–Dec),236,15991019.31,67758.56
2023-05,2022 (Mar–Dec),234,13954947.3,59636.53
2023-06,2022 (Mar–Dec),231,13599861.87,58873.86
2023-07,2022 (Mar–Dec),230,15270362.73,66392.88
2023-08,2022 (Mar–Dec),227,13672827.63,60232.72
2023-09,2022 (Mar–Dec),229,14066574.06,61426.09
2023-10,2022 (Mar–Dec),229,13611001.74,59436.69
2023-11,2022 (Mar–Dec),228,13913856.6,61025.69
2023-12,2022 (Mar–Dec),224,14133883.26,63097.69
2024-01,2022 (Mar–Dec),221,12928101.06,58498.19
2024-02,2022 (Mar–Dec),216,13184103.03,61037.51
2024-03,2022 (Mar–Dec),214,12710055.75,59392.78
2024-04,2022 (Mar–Dec),216,13132547.19,60798.83
2024-05,2022 (Mar–Dec),212,12780768.42,60286.64
2024-06,2022 (Mar–Dec),215,15198664.32,70691.46
2024-07,2022 (Mar–Dec),210,12823139.07,61062.57
2024-08,2022 (Mar–Dec),207,13025749.17,62926.32
2024-09,2022 (Mar–Dec),207,13081537.98,63195.84
2024-10,2022 (Mar–Dec),205,13414524.9,65436.71
2022-01,2023,0,0.0,
2022-02,2023,0,0.0,
2022-03,2023,0,0.0,
2022-04,2023,0,0.0,
2022-05,2023,0,0.0,
2022-06,2023,0,0.0,
2022-07,2023,0,0.0,
2022-08,2023,0,0.0,
2022-09,2023,0,0.0,
2022-10,2023,0,0.0,
2022-11,2023,0,0.0,
2022-12,2023,0,0.0,
2023-01,2023,60,3693081.0,61551.35
2023-02,2023,90,4435246.2,49280.51
2023-03,2023,126,5782816.2,45895.37
2023-04,2023,174,8164485.0,46922.33
2023-05,2023,213,10272136.98,48226.0
2023-06,2023,259,11901311.31,45951.01
2023-07,2023,323,14462056.98,44774.17
2023-08,2023,386,17472129.36,45264.58
2023-09,2023,439,18807397.77,42841.45
2023-10,2023,501,22057445.55,44026.84
2023-11,2023,569,25326756.63,44511.0
2023-12,2023,613,26650958.67,43476.28
2024-01,2023,607,25642125.18,42244.03
2024-02,2023,597,25507233.36,42725.68
2024-03,2023,594,25614673.98,43122.35
2024-04,2023,598,25657833.18,42906.08
2024-05,2023,597,25532731.14,42768.39
2024-06,2023,591,26059820.85,44094.45
2024-07,2023,586,25599751.59,43685.58
2024-08,2023,579,25541362.77,44112.89
2024-09,2023,577,24675940.38,42765.93
2024-10,2023,570,26389304.34,46297.03
2022-01,2024,0,0.0,
2022-02,2024,0,0.0,
2022-03,2024,0,0.0,
2022-04,2024,0,0.0,
2022-05,2024,0,0.0,
2022-06,2024,0,0.0,
2022-07,2024,0,0.0,
2022-08,2024,0,0.0,
2022-09,2024,0,0.0,
2022-10,2024,0,0.0,
2022-11,2024,0,0.0,
2022-12,2024,0,0.0,
2023-01,2024,0,0.0,
2023-02,2024,0,0.0,
2023-03,2024,0,0.0,
2023-04,2024,0,0.0,
2023-05,2024,0,0.0,
2023-06,2024,0,0.0,
2023-07,2024,0,0.0,
2023-08,2024,0,0.0,
2023-09,2024,0,0.0,
2023-10,2024,0,0.0,
2023-11,2024,0,0.0,
2023-12,2024,0,0.0,
2024-01,2024,57,2313787.98,40592.77
2024-02,2024,87,3626103.6,41679.35
2024-03,2024,126,6168046.29,48952.75
2024-04,2024,196,10238675.58,52238.14
2024-05,2024,258,12779964.96,49534.75
2024-06,2024,338,15542287.74,45983.1
2024-07,2024,386,17136091.56,44394.02
2024-08,2024,432,18384583.98,42556.91
2024-09,2024,480,21383496.12,44548.95
2024-10,2024,524,22523387.46,42983.56
