month,year,months_to_return,months_observable_after,churned_mrr_cop,same_amount_return,return_bucket
2022-02,2022,,32,21000.0,0.0,Not back by Oct-24
2022-02,2022,,32,16597.14,0.0,Not back by Oct-24
2022-02,2022,1.0,32,84000.0,0.0,1 month
2022-02,2022,1.0,32,280350.0,0.0,1 month
2022-02,2022,4.0,32,50400.0,0.0,3–5 months
2022-02,2022,1.0,32,133206.36,1.0,1 month
2022-02,2022,2.0,32,84000.0,0.0,2 months
2022-02,2022,,32,33600.0,0.0,Not back by Oct-24
2022-02,2022,1.0,32,42000.0,0.0,1 month
2022-02,2022,2.0,32,73500.0,0.0,2 months
2022-02,2022,1.0,32,63000.0,0.0,1 month
2022-02,2022,1.0,32,63000.0,0.0,1 month
2022-02,2022,7.0,32,126000.0,0.0,6+ months
2022-02,2022,1.0,32,84000.0,1.0,1 month
2022-02,2022,1.0,32,84000.0,1.0,1 month
2022-02,2022,1.0,32,94500.0,1.0,1 month
2022-02,2022,1.0,32,63000.0,1.0,1 month
2022-02,2022,1.0,32,94500.0,1.0,1 month
2022-02,2022,1.0,32,63000.0,1.0,1 month
2022-02,2022,1.0,32,92559.6,0.0,1 month
2022-02,2022,18.0,32,31500.0,0.0,6+ months
2022-02,2022,1.0,32,73500.0,0.0,1 month
2022-02,2022,30.0,32,10500.0,0.0,6+ months
2022-02,2022,1.0,32,73500.0,1.0,1 month
2022-02,2022,1.0,32,52500.0,1.0,1 month
2022-02,2022,,32,52500.0,0.0,Not back by Oct-24
2022-02,2022,2.0,32,31500.0,0.0,2 months
2022-02,2022,,32,231000.0,0.0,Not back by Oct-24
2022-03,2022,1.0,31,42000.0,1.0,1 month
2022-03,2022,1.0,31,214250.4,0.0,1 month
2022-03,2022,1.0,31,158118.66,0.0,1 month
2022-03,2022,1.0,31,14700.0,1.0,1 month
2022-03,2022,1.0,31,189000.0,0.0,1 month
2022-03,2022,1.0,31,42000.0,0.0,1 month
2022-03,2022,1.0,31,2328449.76,0.0,1 month
2022-03,2022,3.0,31,94500.0,0.0,3–5 months
2022-03,2022,1.0,31,84000.0,0.0,1 month
2022-03,2022,1.0,31,31500.0,0.0,1 month
2022-03,2022,1.0,31,42000.0,0.0,1 month
2022-03,2022,1.0,31,42000.0,0.0,1 month
2022-03,2022,1.0,31,31500.0,0.0,1 month
2022-03,2022,1.0,31,101696.7,0.0,1 month
2022-03,2022,1.0,31,130200.0,0.0,1 month
2022-03,2022,1.0,31,63000.0,0.0,1 month
2022-03,2022,,31,16198.56,0.0,Not back by Oct-24
2022-03,2022,,31,78960.0,0.0,Not back by Oct-24
2022-03,2022,1.0,31,134506.89,0.0,1 month
2022-03,2022,1.0,31,46200.0,0.0,1 month
2022-03,2022,1.0,31,105000.0,1.0,1 month
2022-03,2022,2.0,31,94500.0,0.0,2 months
2022-03,2022,1.0,31,21000.0,0.0,1 month
2022-03,2022,1.0,31,84000.0,0.0,1 month
2022-03,2022,1.0,31,84000.0,0.0,1 month
2022-03,2022,1.0,31,109200.0,0.0,1 month
2022-03,2022,1.0,31,23100.0,1.0,1 month
2022-03,2022,9.0,31,121767.45,0.0,6+ months
2022-03,2022,1.0,31,73500.0,1.0,1 month
2022-03,2022,2.0,31,63000.0,0.0,2 months
2022-03,2022,1.0,31,56700.0,1.0,1 month
2022-03,2022,1.0,31,157500.0,0.0,1 month
2022-03,2022,1.0,31,31500.0,1.0,1 month
2022-03,2022,1.0,31,126000.0,0.0,1 month
2022-03,2022,3.0,31,42000.0,0.0,3–5 months
2022-03,2022,1.0,31,25200.0,0.0,1 month
2022-04,2022,,30,63000.0,0.0,Not back by Oct-24
2022-04,2022,1.0,30,205927.68,1.0,1 month
2022-04,2022,1.0,30,52500.0,0.0,1 month
2022-04,2022,16.0,30,133206.36,0.0,6+ months
2022-04,2022,1.0,30,144627.63,1.0,1 month
2022-04,2022,5.0,30,63000.0,0.0,3–5 months
2022-04,2022,4.0,30,37800.0,0.0,3–5 months
2022-04,2022,1.0,30,63000.0,0.0,1 month
2022-04,2022,1.0,30,84000.0,1.0,1 month
2022-04,2022,1.0,30,73500.0,0.0,1 month
2022-04,2022,2.0,30,18942.0,0.0,2 months
2022-04,2022,1.0,30,84000.0,1.0,1 month
2022-04,2022,1.0,30,115500.0,0.0,1 month
2022-04,2022,3.0,30,273000.0,0.0,3–5 months
2022-04,2022,1.0,30,224779.8,0.0,1 month
2022-04,2022,1.0,30,14700.0,0.0,1 month
2022-04,2022,1.0,30,73500.0,1.0,1 month
2022-04,2022,1.0,30,105000.0,1.0,1 month
2022-04,2022,1.0,30,616913.64,0.0,1 month
2022-05,2022,1.0,29,78750.0,1.0,1 month
2022-05,2022,1.0,29,105000.0,1.0,1 month
2022-05,2022,,29,68250.0,0.0,Not back by Oct-24
2022-05,2022,,29,55999.86,0.0,Not back by Oct-24
2022-05,2022,1.0,29,147000.0,0.0,1 month
2022-05,2022,,29,37800.0,0.0,Not back by Oct-24
2022-05,2022,,29,155810.13,0.0,Not back by Oct-24
2022-05,2022,1.0,29,142800.0,1.0,1 month
2022-05,2022,1.0,29,124876.29,0.0,1 month
2022-05,2022,,29,168137.76,0.0,Not back by Oct-24
2022-05,2022,1.0,29,100800.0,1.0,1 month
2022-05,2022,6.0,29,42000.0,0.0,6+ months
2022-05,2022,1.0,29,63000.0,1.0,1 month
2022-05,2022,,29,42000.0,0.0,Not back by Oct-24
2022-05,2022,1.0,29,84000.0,0.0,1 month
2022-05,2022,1.0,29,52500.0,0.0,1 month
2022-05,2022,1.0,29,42000.0,0.0,1 month
2022-05,2022,2.0,29,84000.0,0.0,2 months
2022-05,2022,6.0,29,2142000.0,0.0,6+ months
2022-05,2022,1.0,29,63000.0,0.0,1 month
2022-06,2022,1.0,28,63000.0,0.0,1 month
2022-06,2022,1.0,28,296158.38,0.0,1 month
2022-06,2022,1.0,28,507150.0,0.0,1 month
2022-06,2022,1.0,28,21000.0,0.0,1 month
2022-06,2022,25.0,28,169378.86,0.0,6+ months
2022-06,2022,1.0,28,168476.7,1.0,1 month
2022-06,2022,1.0,28,369562.2,0.0,1 month
2022-06,2022,,28,205927.68,0.0,Not back by Oct-24
2022-06,2022,1.0,28,46200.0,0.0,1 month
2022-06,2022,1.0,28,23100.0,0.0,1 month
2022-06,2022,1.0,28,58590.0,0.0,1 month
2022-06,2022,1.0,28,189000.0,0.0,1 month
2022-06,2022,4.0,28,126000.0,0.0,3–5 months
2022-06,2022,1.0,28,252000.0,0.0,1 month
2022-06,2022,1.0,28,31500.0,0.0,1 month
2022-06,2022,2.0,28,2767196.46,0.0,2 months
2022-06,2022,1.0,28,63000.0,0.0,1 month
2022-06,2022,1.0,28,126000.0,0.0,1 month
2022-06,2022,1.0,28,31500.0,0.0,1 month
2022-06,2022,1.0,28,63000.0,0.0,1 month
2022-06,2022,1.0,28,144627.63,0.0,1 month
2022-06,2022,1.0,28,84000.0,0.0,1 month
2022-06,2022,1.0,28,147000.0,0.0,1 month
2022-06,2022,,28,63000.0,0.0,Not back by Oct-24
2022-06,2022,1.0,28,162960.0,0.0,1 month
2022-06,2022,,28,105000.0,0.0,Not back by Oct-24
2022-06,2022,1.0,28,213133.2,0.0,1 month
2022-06,2022,2.0,28,84000.0,0.0,2 months
2022-06,2022,1.0,28,84000.0,0.0,1 month
2022-06,2022,1.0,28,84000.0,0.0,1 month
2022-06,2022,1.0,28,147000.0,0.0,1 month
2022-06,2022,1.0,28,73500.0,0.0,1 month
2022-06,2022,1.0,28,63000.0,0.0,1 month
2022-06,2022,1.0,28,199500.0,0.0,1 month
2022-06,2022,1.0,28,8820.0,0.0,1 month
2022-06,2022,1.0,28,63000.0,1.0,1 month
2022-06,2022,1.0,28,109200.0,0.0,1 month
2022-06,2022,1.0,28,31500.0,0.0,1 month
2022-06,2022,1.0,28,196875.0,0.0,1 month
2022-06,2022,2.0,28,63000.0,0.0,2 months
2022-06,2022,1.0,28,151200.0,0.0,1 month
2022-06,2022,,28,159169.5,0.0,Not back by Oct-24
2022-06,2022,1.0,28,35700.0,0.0,1 month
2022-06,2022,1.0,28,42000.0,0.0,1 month
2022-06,2022,1.0,28,84000.0,0.0,1 month
2022-06,2022,1.0,28,134392.44,0.0,1 month
2022-06,2022,1.0,28,42000.0,0.0,1 month
2022-06,2022,1.0,28,126000.0,0.0,1 month
2022-06,2022,,28,52500.0,0.0,Not back by Oct-24
2022-06,2022,,28,6300.0,0.0,Not back by Oct-24
2022-06,2022,,28,6300.0,0.0,Not back by Oct-24
2022-06,2022,1.0,28,33600.0,0.0,1 month
2022-06,2022,1.0,28,113400.0,0.0,1 month
2022-06,2022,1.0,28,67200.0,0.0,1 month
2022-06,2022,2.0,28,52500.0,0.0,2 months
2022-06,2022,,28,976500.0,0.0,Not back by Oct-24
2022-06,2022,2.0,28,42000.0,0.0,2 months
2022-06,2022,1.0,28,168000.0,0.0,1 month
2022-06,2022,22.0,28,37800.0,0.0,6+ months
2022-06,2022,4.0,28,31500.0,0.0,3–5 months
2022-07,2022,1.0,27,126000.0,0.0,1 month
2022-07,2022,17.0,27,84000.0,0.0,6+ months
2022-07,2022,1.0,27,10500.0,0.0,1 month
2022-07,2022,1.0,27,84000.0,0.0,1 month
2022-07,2022,,27,42000.0,0.0,Not back by Oct-24
2022-07,2022,1.0,27,31500.0,1.0,1 month
2022-07,2022,5.0,27,224779.8,0.0,3–5 months
2022-07,2022,,27,42000.0,0.0,Not back by Oct-24
2022-07,2022,1.0,27,105000.0,0.0,1 month
2022-07,2022,7.0,27,63000.0,0.0,6+ months
2022-07,2022,1.0,27,66150.0,1.0,1 month
2022-08,2022,1.0,26,314729.94,0.0,1 month
2022-08,2022,,26,19950.0,0.0,Not back by Oct-24
2022-08,2022,,26,10500.0,0.0,Not back by Oct-24
2022-08,2022,1.0,26,73500.0,0.0,1 month
2022-08,2022,1.0,26,157500.0,0.0,1 month
2022-08,2022,5.0,26,114088.17,0.0,3–5 months
2022-08,2022,1.0,26,105000.0,0.0,1 month
2022-08,2022,1.0,26,451500.0,0.0,1 month
2022-08,2022,1.0,26,71400.0,0.0,1 month
2022-08,2022,,26,63000.0,0.0,Not back by Oct-24
2022-08,2022,,26,6300.0,0.0,Not back by Oct-24
2022-08,2022,,26,945000.0,0.0,Not back by Oct-24
2022-08,2022,4.0,26,567000.0,0.0,3–5 months
2022-08,2022,,26,241500.0,0.0,Not back by Oct-24
2022-08,2022,1.0,26,1186500.0,0.0,1 month
2022-09,2022,3.0,25,2436.0,0.0,3–5 months
2022-09,2022,2.0,25,84000.0,0.0,2 months
2022-09,2022,,25,239400.0,0.0,Not back by Oct-24
2022-09,2022,1.0,25,130200.0,1.0,1 month
2022-09,2022,,25,42000.0,0.0,Not back by Oct-24
2022-09,2022,1.0,25,73500.0,0.0,1 month
2022-10,2022,,24,6300.0,0.0,Not back by Oct-24
2022-10,2022,3.0,24,25200.0,0.0,3–5 months
2022-10,2022,,24,99750.0,0.0,Not back by Oct-24
2022-10,2022,2.0,24,42000.0,0.0,2 months
2022-10,2022,1.0,24,42000.0,1.0,1 month
2022-10,2022,1.0,24,94500.0,1.0,1 month
2022-10,2022,1.0,24,84000.0,0.0,1 month
2022-10,2022,1.0,24,33600.0,1.0,1 month
2022-10,2022,,24,101254.23,0.0,Not back by Oct-24
2022-10,2022,1.0,24,357000.0,1.0,1 month
2022-10,2022,9.0,24,46200.0,0.0,6+ months
2022-11,2022,,23,63000.0,0.0,Not back by Oct-24
2022-11,2022,1.0,23,114712.5,0.0,1 month
2022-11,2022,,23,136431.12,0.0,Not back by Oct-24
2022-11,2022,,23,42000.0,0.0,Not back by Oct-24
2022-11,2022,1.0,23,31500.0,0.0,1 month
2022-11,2022,,23,94500.0,0.0,Not back by Oct-24
2022-11,2022,1.0,23,196875.0,0.0,1 month
2022-11,2022,8.0,23,10500.0,0.0,6+ months
2022-11,2022,8.0,23,10500.0,0.0,6+ months
2022-11,2022,3.0,23,10500.0,0.0,3–5 months
2022-11,2022,1.0,23,52500.0,0.0,1 month
2022-11,2022,1.0,23,57750.0,1.0,1 month
2022-12,2022,,22,29560.02,0.0,Not back by Oct-24
2022-12,2022,,22,5880.0,0.0,Not back by Oct-24
2022-12,2022,,22,12600.0,0.0,Not back by Oct-24
2022-12,2022,2.0,22,69300.0,0.0,2 months
2022-12,2022,2.0,22,21000.0,0.0,2 months
2022-12,2022,1.0,22,66150.0,0.0,1 month
2022-12,2022,1.0,22,357000.0,1.0,1 month
2022-12,2022,1.0,22,63000.0,0.0,1 month
2023-01,2023,,21,94500.0,0.0,Not back by Oct-24
2023-01,2023,,21,126000.0,0.0,Not back by Oct-24
2023-01,2023,4.0,21,84000.0,0.0,3–5 months
2023-01,2023,2.0,21,105000.0,0.0,2 months
2023-01,2023,,21,84000.0,0.0,Not back by Oct-24
2023-01,2023,,21,76429.5,0.0,Not back by Oct-24
2023-01,2023,5.0,21,42000.0,0.0,3–5 months
2023-01,2023,,21,84000.0,0.0,Not back by Oct-24
2023-01,2023,1.0,21,105000.0,0.0,1 month
2023-01,2023,1.0,21,147000.0,0.0,1 month
2023-01,2023,,21,42000.0,0.0,Not back by Oct-24
2023-01,2023,,21,4410.0,0.0,Not back by Oct-24
2023-01,2023,1.0,21,273000.0,0.0,1 month
2023-01,2023,,21,23100.0,0.0,Not back by Oct-24
2023-01,2023,1.0,21,264113.01,0.0,1 month
2023-01,2023,2.0,21,393750.0,0.0,2 months
2023-01,2023,1.0,21,168000.0,0.0,1 month
2023-01,2023,,21,16800.0,0.0,Not back by Oct-24
2023-01,2023,,21,42000.0,0.0,Not back by Oct-24
2023-01,2023,1.0,21,105890.4,0.0,1 month
2023-01,2023,11.0,21,1134168.0,0.0,6+ months
2023-01,2023,,21,37625.07,0.0,Not back by Oct-24
2023-01,2023,3.0,21,15750.0,0.0,3–5 months
2023-01,2023,,21,163275.0,0.0,Not back by Oct-24
2023-01,2023,9.0,21,669648.0,0.0,6+ months
2023-01,2023,,21,63000.0,0.0,Not back by Oct-24
2023-01,2023,,21,277200.0,0.0,Not back by Oct-24
2023-01,2023,18.0,21,546000.0,0.0,6+ months
2023-01,2023,11.0,21,803628.0,0.0,6+ months
2023-02,2023,4.0,20,105000.0,0.0,3–5 months
2023-02,2023,1.0,20,42000.0,0.0,1 month
2023-02,2023,,20,117420.45,0.0,Not back by Oct-24
2023-02,2023,2.0,20,73500.0,0.0,2 months
2023-02,2023,2.0,20,92559.6,0.0,2 months
2023-02,2023,3.0,20,73500.0,0.0,3–5 months
2023-02,2023,,20,228176.34,0.0,Not back by Oct-24
2023-02,2023,1.0,20,73500.0,0.0,1 month
2023-02,2023,,20,105000.0,0.0,Not back by Oct-24
2023-02,2023,4.0,20,31500.0,0.0,3–5 months
2023-03,2023,1.0,19,63000.0,0.0,1 month
2023-03,2023,,19,12000.03,0.0,Not back by Oct-24
2023-03,2023,,19,237615.0,0.0,Not back by Oct-24
2023-03,2023,4.0,19,31500.0,0.0,3–5 months
2023-03,2023,1.0,19,151200.0,0.0,1 month
2023-03,2023,,19,42000.0,0.0,Not back by Oct-24
2023-03,2023,1.0,19,31500.0,0.0,1 month
2023-03,2023,1.0,19,52500.0,0.0,1 month
2023-03,2023,1.0,19,21000.0,0.0,1 month
2023-03,2023,4.0,19,316680.0,0.0,3–5 months
2023-03,2023,2.0,19,84000.0,0.0,2 months
2023-03,2023,3.0,19,42000.0,0.0,3–5 months
2023-03,2023,,19,147000.0,0.0,Not back by Oct-24
2023-04,2023,1.0,18,243600.0,0.0,1 month
2023-04,2023,1.0,18,62418.72,0.0,1 month
2023-04,2023,1.0,18,126000.0,0.0,1 month
2023-04,2023,1.0,18,63000.0,0.0,1 month
2023-04,2023,1.0,18,126000.0,0.0,1 month
2023-04,2023,3.0,18,100800.0,0.0,3–5 months
2023-04,2023,1.0,18,117747.0,0.0,1 month
2023-04,2023,,18,73500.0,0.0,Not back by Oct-24
2023-04,2023,,18,8998.5,0.0,Not back by Oct-24
2023-04,2023,,18,89483.52,0.0,Not back by Oct-24
2023-04,2023,1.0,18,90343.89,0.0,1 month
2023-04,2023,1.0,18,136500.0,1.0,1 month
2023-04,2023,,18,4672.5,0.0,Not back by Oct-24
2023-04,2023,1.0,18,21000.0,0.0,1 month
2023-04,2023,1.0,18,71355.9,0.0,1 month
2023-04,2023,,18,29820.0,0.0,Not back by Oct-24
2023-04,2023,,18,35998.2,0.0,Not back by Oct-24
2023-04,2023,1.0,18,31500.0,0.0,1 month
2023-04,2023,,18,6300.0,0.0,Not back by Oct-24
2023-04,2023,,18,27300.0,0.0,Not back by Oct-24
2023-04,2023,,18,31500.0,0.0,Not back by Oct-24
2023-04,2023,,18,50400.0,0.0,Not back by Oct-24
2023-04,2023,,18,8400.0,0.0,Not back by Oct-24
2023-04,2023,2.0,18,52500.0,0.0,2 months
2023-04,2023,1.0,18,90720.0,1.0,1 month
2023-04,2023,1.0,18,84000.0,0.0,1 month
2023-04,2023,1.0,18,230101.2,0.0,1 month
2023-04,2023,,18,21000.0,0.0,Not back by Oct-24
2023-04,2023,15.0,18,260400.0,0.0,6+ months
2023-05,2023,,17,31143.0,0.0,Not back by Oct-24
2023-05,2023,,17,52500.0,0.0,Not back by Oct-24
2023-05,2023,1.0,17,94500.0,0.0,1 month
2023-05,2023,,17,63000.0,0.0,Not back by Oct-24
2023-05,2023,4.0,17,68215.56,0.0,3–5 months
2023-05,2023,1.0,17,180915.0,0.0,1 month
2023-05,2023,,17,166593.0,0.0,Not back by Oct-24
2023-05,2023,1.0,17,196875.0,0.0,1 month
2023-05,2023,4.0,17,42000.0,0.0,3–5 months
2023-05,2023,1.0,17,100800.0,0.0,1 month
2023-05,2023,,17,189000.0,0.0,Not back by Oct-24
2023-05,2023,4.0,17,2142000.0,0.0,3–5 months
2023-05,2023,,17,6300.0,0.0,Not back by Oct-24
2023-05,2023,,17,21000.0,0.0,Not back by Oct-24
2023-05,2023,,17,29127.0,0.0,Not back by Oct-24
2023-05,2023,,17,29820.0,0.0,Not back by Oct-24
2023-05,2023,1.0,17,6300.0,1.0,1 month
2023-05,2023,1.0,17,6300.0,1.0,1 month
2023-05,2023,6.0,17,6300.0,0.0,6+ months
2023-05,2023,1.0,17,6300.0,1.0,1 month
2023-05,2023,1.0,17,6300.0,1.0,1 month
2023-05,2023,10.0,17,6300.0,0.0,6+ months
2023-05,2023,1.0,17,6300.0,1.0,1 month
2023-05,2023,1.0,17,63000.0,1.0,1 month
2023-05,2023,11.0,17,245700.0,0.0,6+ months
2023-06,2023,4.0,16,57750.0,0.0,3–5 months
2023-06,2023,1.0,16,42000.0,0.0,1 month
2023-06,2023,2.0,16,25200.0,0.0,2 months
2023-06,2023,1.0,16,42000.0,1.0,1 month
2023-06,2023,,16,42000.0,0.0,Not back by Oct-24
2023-06,2023,,16,4200.0,0.0,Not back by Oct-24
2023-06,2023,1.0,16,110723.76,1.0,1 month
2023-06,2023,1.0,16,48300.0,0.0,1 month
2023-06,2023,,16,10838.52,0.0,Not back by Oct-24
2023-06,2023,1.0,16,105000.0,0.0,1 month
2023-06,2023,1.0,16,63000.0,0.0,1 month
2023-06,2023,1.0,16,80850.0,1.0,1 month
2023-06,2023,1.0,16,111662.67,0.0,1 month
2023-06,2023,2.0,16,73500.0,0.0,2 months
2023-06,2023,,16,84437.22,0.0,Not back by Oct-24
2023-06,2023,1.0,16,102900.0,0.0,1 month
2023-06,2023,1.0,16,460202.4,1.0,1 month
2023-06,2023,,16,27300.0,0.0,Not back by Oct-24
2023-06,2023,1.0,16,42000.0,1.0,1 month
2023-06,2023,2.0,16,42000.0,0.0,2 months
2023-06,2023,1.0,16,6300.0,1.0,1 month
2023-06,2023,1.0,16,6300.0,1.0,1 month
2023-06,2023,1.0,16,118650.0,0.0,1 month
2023-07,2023,,15,21000.0,0.0,Not back by Oct-24
2023-07,2023,1.0,15,414750.0,0.0,1 month
2023-07,2023,3.0,15,130260.9,0.0,3–5 months
2023-07,2023,2.0,15,14700.0,0.0,2 months
2023-07,2023,2.0,15,66434.34,0.0,2 months
2023-07,2023,2.0,15,14700.0,0.0,2 months
2023-07,2023,2.0,15,99651.51,0.0,2 months
2023-07,2023,4.0,15,52500.0,0.0,3–5 months
2023-07,2023,1.0,15,271603.92,0.0,1 month
2023-07,2023,1.0,15,151200.0,1.0,1 month
2023-07,2023,2.0,15,94500.0,0.0,2 months
2023-07,2023,1.0,15,42000.0,0.0,1 month
2023-07,2023,2.0,15,42000.0,0.0,2 months
2023-07,2023,3.0,15,29400.0,0.0,3–5 months
2023-07,2023,1.0,15,67200.0,0.0,1 month
2023-07,2023,1.0,15,63000.0,0.0,1 month
2023-07,2023,2.0,15,33600.0,0.0,2 months
2023-07,2023,1.0,15,42000.0,0.0,1 month
2023-07,2023,,15,84000.0,0.0,Not back by Oct-24
2023-07,2023,,15,311070.9,0.0,Not back by Oct-24
2023-07,2023,5.0,15,10500.0,0.0,3–5 months
2023-07,2023,1.0,15,12600.0,0.0,1 month
2023-07,2023,4.0,15,6300.0,0.0,3–5 months
2023-07,2023,,15,78120.0,0.0,Not back by Oct-24
2023-07,2023,1.0,15,6300.0,0.0,1 month
2023-08,2023,,14,84000.0,0.0,Not back by Oct-24
2023-08,2023,1.0,14,10500.0,0.0,1 month
2023-08,2023,,14,23370.9,0.0,Not back by Oct-24
2023-08,2023,,14,6300.0,0.0,Not back by Oct-24
2023-08,2023,3.0,14,73500.0,0.0,3–5 months
2023-08,2023,3.0,14,63000.0,0.0,3–5 months
2023-08,2023,,14,6300.0,0.0,Not back by Oct-24
2023-08,2023,,14,42000.0,0.0,Not back by Oct-24
2023-08,2023,1.0,14,1167761.91,0.0,1 month
2023-08,2023,,14,29050.56,0.0,Not back by Oct-24
2023-08,2023,2.0,14,37553.46,0.0,2 months
2023-08,2023,,14,90720.0,0.0,Not back by Oct-24
2023-08,2023,1.0,14,6300.0,0.0,1 month
2023-08,2023,1.0,14,12600.0,0.0,1 month
2023-08,2023,1.0,14,6300.0,1.0,1 month
2023-08,2023,1.0,14,56700.0,0.0,1 month
2023-08,2023,5.0,14,14700.0,0.0,3–5 months
2023-08,2023,,14,63000.0,0.0,Not back by Oct-24
2023-09,2023,,13,72104.34,0.0,Not back by Oct-24
2023-09,2023,1.0,13,19950.0,0.0,1 month
2023-09,2023,,13,42000.0,0.0,Not back by Oct-24
2023-09,2023,,13,17612.7,0.0,Not back by Oct-24
2023-09,2023,2.0,13,73500.0,0.0,2 months
2023-09,2023,,13,94500.0,0.0,Not back by Oct-24
2023-09,2023,1.0,13,132300.0,0.0,1 month
2023-09,2023,,13,52500.0,0.0,Not back by Oct-24
2023-09,2023,1.0,13,230101.2,0.0,1 month
2023-09,2023,,13,6300.0,0.0,Not back by Oct-24
2023-09,2023,,13,42000.0,0.0,Not back by Oct-24
2023-09,2023,1.0,13,126000.0,0.0,1 month
2023-09,2023,1.0,13,6300.0,1.0,1 month
2023-09,2023,2.0,13,132999.93,0.0,2 months
2023-09,2023,,13,84000.0,0.0,Not back by Oct-24
2023-10,2023,1.0,12,115500.0,0.0,1 month
2023-10,2023,,12,21000.0,0.0,Not back by Oct-24
2023-10,2023,1.0,12,63000.0,0.0,1 month
2023-10,2023,,12,35062.44,0.0,Not back by Oct-24
2023-10,2023,,12,84000.0,0.0,Not back by Oct-24
2023-10,2023,,12,52500.0,0.0,Not back by Oct-24
2023-10,2023,,12,24359.16,0.0,Not back by Oct-24
2023-10,2023,,12,15001.14,0.0,Not back by Oct-24
2023-10,2023,,12,22144.71,0.0,Not back by Oct-24
2023-10,2023,,12,9800.07,0.0,Not back by Oct-24
2023-10,2023,,12,88859.19,0.0,Not back by Oct-24
2023-10,2023,1.0,12,299659.5,0.0,1 month
2023-10,2023,1.0,12,31500.0,1.0,1 month
2023-10,2023,,12,80499.93,0.0,Not back by Oct-24
2023-10,2023,,12,14490.0,0.0,Not back by Oct-24
2023-10,2023,2.0,12,50400.0,0.0,2 months
2023-10,2023,1.0,12,12600.0,0.0,1 month
2023-10,2023,,12,17850.0,0.0,Not back by Oct-24
2023-10,2023,1.0,12,6300.0,1.0,1 month
2023-11,2023,,11,151200.0,0.0,Not back by Oct-24
2023-11,2023,,11,44289.63,0.0,Not back by Oct-24
2023-11,2023,,11,6300.0,0.0,Not back by Oct-24
2023-11,2023,,11,63296.94,0.0,Not back by Oct-24
2023-11,2023,,11,126071.61,0.0,Not back by Oct-24
2023-11,2023,,11,31500.0,0.0,Not back by Oct-24
2023-11,2023,6.0,11,42000.0,0.0,6+ months
2023-11,2023,,11,25200.0,0.0,Not back by Oct-24
2023-11,2023,,11,31500.0,0.0,Not back by Oct-24
2023-11,2023,1.0,11,12600.0,0.0,1 month
2023-11,2023,,11,47040.0,0.0,Not back by Oct-24
2023-11,2023,,11,42000.0,0.0,Not back by Oct-24
2023-11,2023,,11,63000.0,0.0,Not back by Oct-24
2023-11,2023,1.0,11,6300.0,1.0,1 month
2023-11,2023,1.0,11,6300.0,0.0,1 month
2023-12,2023,1.0,10,487200.0,0.0,1 month
2023-12,2023,1.0,10,214200.0,0.0,1 month
2023-12,2023,1.0,10,238933.59,0.0,1 month
2023-12,2023,1.0,10,31500.0,0.0,1 month
2023-12,2023,1.0,10,119959.98,0.0,1 month
2023-12,2023,6.0,10,262500.0,0.0,6+ months
2023-12,2023,,10,69825.0,0.0,Not back by Oct-24
2023-12,2023,1.0,10,6300.0,0.0,1 month
2023-12,2023,1.0,10,63000.0,0.0,1 month
2023-12,2023,,10,5040.0,0.0,Not back by Oct-24
2023-12,2023,1.0,10,176253.0,0.0,1 month
2023-12,2023,1.0,10,147000.0,0.0,1 month
2023-12,2023,1.0,10,62239.38,0.0,1 month
2023-12,2023,,10,42000.0,0.0,Not back by Oct-24
2023-12,2023,1.0,10,6300.0,0.0,1 month
2023-12,2023,1.0,10,6300.0,1.0,1 month
2023-12,2023,3.0,10,346500.0,0.0,3–5 months
2023-12,2023,1.0,10,50400.0,0.0,1 month
2023-12,2023,,10,6300.0,0.0,Not back by Oct-24
2023-12,2023,1.0,10,6300.0,0.0,1 month
2023-12,2023,,10,44100.0,0.0,Not back by Oct-24
2023-12,2023,1.0,10,94500.0,1.0,1 month
2023-12,2023,1.0,10,12600.0,0.0,1 month
2023-12,2023,,10,420000.0,0.0,Not back by Oct-24
2023-12,2023,3.0,10,6300.0,0.0,3–5 months
2024-01,2024,1.0,9,84000.0,0.0,1 month
2024-01,2024,1.0,9,210000.0,0.0,1 month
2024-01,2024,,9,13209.0,0.0,Not back by Oct-24
2024-01,2024,1.0,9,111210.33,1.0,1 month
2024-01,2024,1.0,9,201235.86,0.0,1 month
2024-01,2024,1.0,9,96600.0,0.0,1 month
2024-01,2024,5.0,9,22144.71,0.0,3–5 months
2024-01,2024,,9,31500.0,0.0,Not back by Oct-24
2024-01,2024,1.0,9,25466.49,0.0,1 month
2024-01,2024,,9,70863.24,0.0,Not back by Oct-24
2024-01,2024,1.0,9,205637.88,0.0,1 month
2024-01,2024,,9,71400.0,0.0,Not back by Oct-24
2024-01,2024,2.0,9,63000.0,0.0,2 months
2024-01,2024,,9,7056.0,0.0,Not back by Oct-24
2024-01,2024,,9,42000.0,0.0,Not back by Oct-24
2024-01,2024,,9,763446.6,0.0,Not back by Oct-24
2024-01,2024,1.0,9,54810.0,1.0,1 month
2024-01,2024,,9,6300.0,0.0,Not back by Oct-24
2024-01,2024,4.0,9,31500.0,0.0,3–5 months
2024-01,2024,2.0,9,6300.0,0.0,2 months
2024-01,2024,,9,115500.0,0.0,Not back by Oct-24
2024-01,2024,1.0,9,63000.0,0.0,1 month
2024-01,2024,1.0,9,63000.0,0.0,1 month
2024-01,2024,,9,39900.0,0.0,Not back by Oct-24
2024-01,2024,1.0,9,6300.0,0.0,1 month
2024-01,2024,1.0,9,18900.0,1.0,1 month
2024-01,2024,1.0,9,138600.0,0.0,1 month
2024-01,2024,,9,25200.0,0.0,Not back by Oct-24
2024-01,2024,2.0,9,105000.0,0.0,2 months
2024-01,2024,9.0,9,869400.0,0.0,6+ months
2024-01,2024,,9,39900.0,0.0,Not back by Oct-24
2024-01,2024,1.0,9,37800.0,1.0,1 month
2024-02,2024,,8,12600.0,0.0,Not back by Oct-24
2024-02,2024,1.0,8,143325.0,0.0,1 month
2024-02,2024,2.0,8,84000.0,0.0,2 months
2024-02,2024,1.0,8,56516.25,1.0,1 month
2024-02,2024,3.0,8,56516.25,0.0,3–5 months
2024-02,2024,,8,14700.0,0.0,Not back by Oct-24
2024-02,2024,,8,111228.6,0.0,Not back by Oct-24
2024-02,2024,2.0,8,46200.0,0.0,2 months
2024-02,2024,,8,1341711.0,0.0,Not back by Oct-24
2024-02,2024,1.0,8,162750.0,0.0,1 month
2024-02,2024,1.0,8,56700.0,0.0,1 month
2024-02,2024,3.0,8,66455.34,0.0,3–5 months
2024-02,2024,4.0,8,54870.9,0.0,3–5 months
2024-02,2024,,8,60967.62,0.0,Not back by Oct-24
2024-02,2024,,8,24385.2,0.0,Not back by Oct-24
2024-02,2024,2.0,8,44289.63,0.0,2 months
2024-02,2024,,8,35910.0,0.0,Not back by Oct-24
2024-02,2024,2.0,8,60900.0,0.0,2 months
2024-02,2024,2.0,8,65903.25,0.0,2 months
2024-02,2024,,8,63000.0,0.0,Not back by Oct-24
2024-02,2024,,8,48184.5,0.0,Not back by Oct-24
2024-02,2024,1.0,8,12600.0,0.0,1 month
2024-02,2024,2.0,8,12600.0,0.0,2 months
2024-02,2024,1.0,8,42000.0,0.0,1 month
2024-02,2024,3.0,8,63000.0,0.0,3–5 months
2024-02,2024,2.0,8,31500.0,0.0,2 months
2024-02,2024,2.0,8,7350.0,0.0,2 months
2024-02,2024,,8,42000.0,0.0,Not back by Oct-24
2024-02,2024,,8,9450.0,0.0,Not back by Oct-24
2024-02,2024,3.0,8,77700.0,0.0,3–5 months
2024-02,2024,1.0,8,6300.0,1.0,1 month
2024-02,2024,2.0,8,46200.0,0.0,2 months
2024-02,2024,,8,23100.0,0.0,Not back by Oct-24
2024-02,2024,1.0,8,126000.0,0.0,1 month
2024-02,2024,1.0,8,48300.0,0.0,1 month
2024-02,2024,2.0,8,6300.0,0.0,2 months
2024-02,2024,,8,13762.98,0.0,Not back by Oct-24
2024-03,2024,1.0,7,200447.52,0.0,1 month
2024-03,2024,1.0,7,44839.2,0.0,1 month
2024-03,2024,1.0,7,115500.0,0.0,1 month
2024-03,2024,,7,111210.33,0.0,Not back by Oct-24
2024-03,2024,1.0,7,147000.0,0.0,1 month
2024-03,2024,,7,77459.13,0.0,Not back by Oct-24
2024-03,2024,1.0,7,55361.88,1.0,1 month
2024-03,2024,1.0,7,128100.0,0.0,1 month
2024-03,2024,,7,31500.0,0.0,Not back by Oct-24
2024-03,2024,,7,70859.25,0.0,Not back by Oct-24
2024-03,2024,2.0,7,84140.28,0.0,2 months
2024-03,2024,,7,37800.0,0.0,Not back by Oct-24
2024-03,2024,1.0,7,64991.64,0.0,1 month
2024-03,2024,,7,17379.18,0.0,Not back by Oct-24
2024-03,2024,1.0,7,31500.0,0.0,1 month
2024-03,2024,1.0,7,126000.0,0.0,1 month
2024-03,2024,,7,8110.2,0.0,Not back by Oct-24
2024-03,2024,,7,21000.0,0.0,Not back by Oct-24
2024-03,2024,2.0,7,105000.0,0.0,2 months
2024-03,2024,1.0,7,6300.0,0.0,1 month
2024-03,2024,1.0,7,6300.0,1.0,1 month
2024-03,2024,2.0,7,6300.0,0.0,2 months
2024-03,2024,1.0,7,6300.0,0.0,1 month
2024-03,2024,,7,28140.0,0.0,Not back by Oct-24
2024-03,2024,5.0,7,17850.0,0.0,3–5 months
2024-03,2024,1.0,7,75600.0,0.0,1 month
2024-03,2024,,7,72212.7,0.0,Not back by Oct-24
2024-03,2024,,7,2937.9,0.0,Not back by Oct-24
2024-03,2024,1.0,7,6300.0,1.0,1 month
2024-03,2024,6.0,7,52500.0,0.0,6+ months
2024-04,2024,1.0,6,41531.49,0.0,1 month
2024-04,2024,1.0,6,27768.51,0.0,1 month
2024-04,2024,1.0,6,90342.0,0.0,1 month
2024-04,2024,2.0,6,78750.0,0.0,2 months
2024-04,2024,,6,31500.0,0.0,Not back by Oct-24
2024-04,2024,1.0,6,238933.59,1.0,1 month
2024-04,2024,1.0,6,88200.0,0.0,1 month
2024-04,2024,,6,6643.35,0.0,Not back by Oct-24
2024-04,2024,2.0,6,36750.0,0.0,2 months
2024-04,2024,1.0,6,42000.0,0.0,1 month
2024-04,2024,,6,46200.0,0.0,Not back by Oct-24
2024-04,2024,,6,21000.0,0.0,Not back by Oct-24
2024-04,2024,2.0,6,10500.0,0.0,2 months
2024-04,2024,,6,25200.0,0.0,Not back by Oct-24
2024-04,2024,2.0,6,42000.0,0.0,2 months
2024-04,2024,2.0,6,11550.0,0.0,2 months
2024-04,2024,1.0,6,35700.0,1.0,1 month
2024-04,2024,,6,31500.0,0.0,Not back by Oct-24
2024-05,2024,,5,487200.0,0.0,Not back by Oct-24
2024-05,2024,,5,37800.0,0.0,Not back by Oct-24
2024-05,2024,,5,10500.0,0.0,Not back by Oct-24
2024-05,2024,,5,31500.0,0.0,Not back by Oct-24
2024-05,2024,,5,73500.0,0.0,Not back by Oct-24
2024-05,2024,,5,57540.0,0.0,Not back by Oct-24
2024-05,2024,,5,6300.0,0.0,Not back by Oct-24
2024-05,2024,,5,63000.0,0.0,Not back by Oct-24
2024-05,2024,,5,34662.18,0.0,Not back by Oct-24
2024-05,2024,1.0,5,12600.0,0.0,1 month
2024-05,2024,1.0,5,6300.0,0.0,1 month
2024-05,2024,,5,6300.0,0.0,Not back by Oct-24
2024-05,2024,1.0,5,63000.0,1.0,1 month
2024-05,2024,1.0,5,6300.0,1.0,1 month
2024-05,2024,1.0,5,63000.0,1.0,1 month
2024-05,2024,,5,14700.0,0.0,Not back by Oct-24
2024-05,2024,1.0,5,12600.0,0.0,1 month
2024-05,2024,1.0,5,161280.0,0.0,1 month
2024-05,2024,1.0,5,6300.0,1.0,1 month
2024-05,2024,,5,247159.29,0.0,Not back by Oct-24
2024-05,2024,,5,50400.0,0.0,Not back by Oct-24
2024-05,2024,1.0,5,68250.0,1.0,1 month
2024-06,2024,1.0,4,52500.0,0.0,1 month
2024-06,2024,1.0,4,65929.92,0.0,1 month
2024-06,2024,,4,73500.0,0.0,Not back by Oct-24
2024-06,2024,,4,53516.4,0.0,Not back by Oct-24
2024-06,2024,1.0,4,238933.59,0.0,1 month
2024-06,2024,,4,33318.81,0.0,Not back by Oct-24
2024-06,2024,1.0,4,230101.2,1.0,1 month
2024-06,2024,,4,76857.69,0.0,Not back by Oct-24
2024-06,2024,,4,18900.0,0.0,Not back by Oct-24
2024-06,2024,,4,11760.0,0.0,Not back by Oct-24
2024-06,2024,1.0,4,6300.0,0.0,1 month
2024-06,2024,1.0,4,6300.0,1.0,1 month
2024-06,2024,1.0,4,100800.0,0.0,1 month
2024-06,2024,,4,63000.0,0.0,Not back by Oct-24
2024-06,2024,,4,26600.07,0.0,Not back by Oct-24
2024-06,2024,,4,12600.0,0.0,Not back by Oct-24
2024-06,2024,3.0,4,24032.82,0.0,3–5 months
2024-06,2024,1.0,4,6300.0,0.0,1 month
2024-06,2024,,4,21420.0,0.0,Not back by Oct-24
2024-06,2024,1.0,4,6300.0,0.0,1 month
2024-06,2024,1.0,4,6300.0,0.0,1 month
2024-06,2024,,4,84000.0,0.0,Not back by Oct-24
2024-06,2024,1.0,4,12600.0,0.0,1 month
2024-06,2024,1.0,4,60900.0,0.0,1 month
2024-06,2024,,4,170100.0,0.0,Not back by Oct-24
2024-06,2024,,4,24570.0,0.0,Not back by Oct-24
2024-06,2024,2.0,4,42000.0,0.0,2 months
2024-06,2024,,4,141750.0,0.0,Not back by Oct-24
2024-07,2024,,3,42000.0,0.0,Not back by Oct-24
2024-07,2024,1.0,3,117600.0,0.0,1 month
2024-07,2024,1.0,3,56516.25,0.0,1 month
2024-07,2024,3.0,3,147000.0,0.0,3–5 months
2024-07,2024,3.0,3,88200.0,0.0,3–5 months
2024-07,2024,,3,6300.0,0.0,Not back by Oct-24
2024-07,2024,,3,132580.14,0.0,Not back by Oct-24
2024-07,2024,3.0,3,2142000.0,0.0,3–5 months
2024-07,2024,,3,24570.0,0.0,Not back by Oct-24
2024-07,2024,1.0,3,188825.91,0.0,1 month
2024-07,2024,,3,85680.0,0.0,Not back by Oct-24
2024-07,2024,2.0,3,67200.0,0.0,2 months
2024-07,2024,1.0,3,63000.0,1.0,1 month
2024-07,2024,,3,31500.0,0.0,Not back by Oct-24
2024-07,2024,,3,494550.0,0.0,Not back by Oct-24
2024-07,2024,,3,88200.0,0.0,Not back by Oct-24
2024-07,2024,2.0,3,6300.0,0.0,2 months
2024-07,2024,,3,6300.0,0.0,Not back by Oct-24
2024-07,2024,,3,105000.0,0.0,Not back by Oct-24
2024-07,2024,1.0,3,31500.0,0.0,1 month
2024-07,2024,,3,98213.85,0.0,Not back by Oct-24
2024-07,2024,,3,6300.0,0.0,Not back by Oct-24
2024-07,2024,1.0,3,48300.0,0.0,1 month
2024-07,2024,,3,54600.0,0.0,Not back by Oct-24
2024-07,2024,,3,75600.0,0.0,Not back by Oct-24
2024-07,2024,,3,63000.0,0.0,Not back by Oct-24
2024-07,2024,,3,35700.0,0.0,Not back by Oct-24
2024-08,2024,1.0,2,90342.0,0.0,1 month
2024-08,2024,,2,63000.0,0.0,Not back by Oct-24
2024-08,2024,,2,64354.92,0.0,Not back by Oct-24
2024-08,2024,,2,73500.0,0.0,Not back by Oct-24
2024-08,2024,,2,1400.07,0.0,Not back by Oct-24
2024-08,2024,2.0,2,80850.0,0.0,2 months
2024-08,2024,,2,25200.0,0.0,Not back by Oct-24
2024-08,2024,1.0,2,12600.0,0.0,1 month
2024-08,2024,1.0,2,12600.0,0.0,1 month
2024-08,2024,,2,453747.0,0.0,Not back by Oct-24
2024-08,2024,1.0,2,6300.0,1.0,1 month
2024-08,2024,,2,52500.0,0.0,Not back by Oct-24
2024-08,2024,1.0,2,12600.0,0.0,1 month
2024-08,2024,,2,16099.86,0.0,Not back by Oct-24
2024-08,2024,1.0,2,6300.0,1.0,1 month
2024-08,2024,,2,189000.0,0.0,Not back by Oct-24
2024-08,2024,1.0,2,6300.0,1.0,1 month
2024-08,2024,1.0,2,6300.0,1.0,1 month
2024-08,2024,,2,28350.0,0.0,Not back by Oct-24
2024-08,2024,1.0,2,121800.0,1.0,1 month
2024-08,2024,,2,14700.0,0.0,Not back by Oct-24
2024-08,2024,,2,50400.0,0.0,Not back by Oct-24
2024-08,2024,1.0,2,65100.0,0.0,1 month
2024-08,2024,,2,46200.0,0.0,Not back by Oct-24
2024-08,2024,1.0,2,89250.0,0.0,1 month
2024-08,2024,1.0,2,12390.0,0.0,1 month
2024-08,2024,1.0,2,6300.0,0.0,1 month
2024-08,2024,,2,79800.0,0.0,Not back by Oct-24
2024-08,2024,2.0,2,82950.0,0.0,2 months
2024-09,2024,,1,151725.0,0.0,Not back by Oct-24
2024-09,2024,,1,155400.0,0.0,Not back by Oct-24
2024-09,2024,1.0,1,180600.0,0.0,1 month
2024-09,2024,1.0,1,73500.0,0.0,1 month
2024-09,2024,,1,79800.0,0.0,Not back by Oct-24
2024-09,2024,1.0,1,6300.0,0.0,1 month
2024-09,2024,1.0,1,115500.0,0.0,1 month
2024-09,2024,,1,94500.0,0.0,Not back by Oct-24
2024-09,2024,1.0,1,115500.0,0.0,1 month
2024-09,2024,1.0,1,6300.0,1.0,1 month
2024-09,2024,,1,26250.0,0.0,Not back by Oct-24
2024-09,2024,1.0,1,52500.0,0.0,1 month
2024-09,2024,1.0,1,6300.0,1.0,1 month
2024-09,2024,,1,131040.0,0.0,Not back by Oct-24
2024-09,2024,,1,31500.0,0.0,Not back by Oct-24
2024-09,2024,,1,6540.87,0.0,Not back by Oct-24
2024-09,2024,,1,48300.0,0.0,Not back by Oct-24
2024-09,2024,1.0,1,194168.1,0.0,1 month
2024-09,2024,,1,52500.0,0.0,Not back by Oct-24
2024-09,2024,,1,39690.0,0.0,Not back by Oct-24
2024-09,2024,,1,79800.0,0.0,Not back by Oct-24
2024-09,2024,1.0,1,6300.0,0.0,1 month
2024-09,2024,,1,70980.0,0.0,Not back by Oct-24
2024-10,2024,,0,84000.0,,Not back by Oct-24
2024-10,2024,,0,73500.0,,Not back by Oct-24
2024-10,2024,,0,20066.55,,Not back by Oct-24
2024-10,2024,,0,176400.0,,Not back by Oct-24
2024-10,2024,,0,35700.0,,Not back by Oct-24
2024-10,2024,,0,101727.15,,Not back by Oct-24
2024-10,2024,,0,189000.0,,Not back by Oct-24
2024-10,2024,,0,17850.0,,Not back by Oct-24
2024-10,2024,,0,105000.0,,Not back by Oct-24
2024-10,2024,,0,326602.08,,Not back by Oct-24
2024-10,2024,,0,20300.07,,Not back by Oct-24
2024-10,2024,,0,84000.0,,Not back by Oct-24
2024-10,2024,,0,47606.16,,Not back by Oct-24
2024-10,2024,,0,15286.74,,Not back by Oct-24
2024-10,2024,,0,31500.0,,Not back by Oct-24
2024-10,2024,,0,6300.0,,Not back by Oct-24
2024-10,2024,,0,54805.38,,Not back by Oct-24
2024-10,2024,,0,79800.0,,Not back by Oct-24
2024-10,2024,,0,42000.0,,Not back by Oct-24
2024-10,2024,,0,59312.82,,Not back by Oct-24
2024-10,2024,,0,27999.93,,Not back by Oct-24
2024-10,2024,,0,10506.09,,Not back by Oct-24
2024-10,2024,,0,42000.0,,Not back by Oct-24
2024-10,2024,,0,59850.0,,Not back by Oct-24
2024-10,2024,,0,12600.0,,Not back by Oct-24
2024-10,2024,,0,63000.0,,Not back by Oct-24
2024-10,2024,,0,121800.0,,Not back by Oct-24
2024-10,2024,,0,92400.0,,Not back by Oct-24
2024-10,2024,,0,31500.0,,Not back by Oct-24
2024-10,2024,,0,27299.79,,Not back by Oct-24
2024-10,2024,,0,104454.63,,Not back by Oct-24
2024-10,2024,,0,104454.63,,Not back by Oct-24
2024-10,2024,,0,31500.0,,Not back by Oct-24
