cohort,partial,size,m0_mean_cop,m0_median_cop,logo_m1,revenue_m1,observable_m1,logo_m2,revenue_m2,observable_m2,logo_m3,revenue_m3,observable_m3,logo_m6,revenue_m6,observable_m6,logo_m12,revenue_m12,observable_m12,share_expanding_within_m6
2022 T1,True,30,92681.29,73237.5,0.933333,0.624614,30,1.0,0.776308,30,0.933333,0.675914,30,0.933333,0.682208,30,0.9,0.641946,30,0.166667
2022 T2,False,90,139372.26,63000.0,0.888889,0.329054,90,0.877778,0.377075,90,0.9,0.325427,90,0.922222,0.334391,90,0.866667,0.498658,90,0.066667
2022 T3,False,75,125130.79,63000.0,0.946667,0.466802,75,0.893333,0.428993,75,0.88,0.379045,75,0.866667,0.39976,75,0.826667,0.496086,75,0.053333
2022 T4,False,77,133717.09,66150.0,0.922078,0.437562,77,0.896104,0.419012,77,0.909091,0.43125,77,0.909091,0.435584,77,0.909091,0.51109,77,0.038961
2023 T1,False,128,54829.85,42000.0,0.984375,0.806856,128,0.953125,0.779687,128,0.929688,0.722664,128,0.945312,0.800654,128,0.851562,0.740421,128,0.046875
2023 T2,False,144,49037.91,37800.0,0.958333,0.925865,144,0.979167,0.929876,144,0.972222,0.918515,144,0.958333,0.896067,144,0.895833,0.836957,144,0.152778
2023 T3,False,187,41600.43,35280.0,0.973262,0.927204,187,0.962567,0.916586,187,0.951872,0.896758,187,0.930481,0.898776,187,0.903743,0.857348,187,0.112299
2023 T4,False,191,48717.73,33600.0,0.963351,0.801256,191,0.958115,0.793808,191,0.973822,0.812992,191,0.95288,0.781511,191,0.921875,0.89183,64,0.068063
2024 T1,False,132,47792.78,42000.0,0.954545,0.96431,132,0.94697,0.838864,132,0.962121,0.847681,132,0.939394,0.792254,132,,,0,0.060606
2024 T2,False,219,58465.05,46200.0,0.968037,0.806058,219,0.949772,0.727013,219,0.945205,0.718991,219,0.898551,0.650723,69,,,0,0.130435
2024 T3,False,153,44788.18,37800.0,0.96732,0.883104,153,0.971154,0.911695,104,0.958333,0.835077,48,,,0,,,0,
2024 T4,True,50,44026.67,34125.0,,,0,,,0,,,0,,,0,,,0,
