cohort,flag,size,M0,M1,M2,M3,M4,M5,M6,M7,M8,M9,M10,M11,M12,M13,M14,M15,M16,M17,M18,M19,M20,M21,M22,M23,M24,M25,M26,M27,M28,M29,M30,M31,M32
2022-02,suspected_spillover,108,1.0,0.87963,0.935185,0.962963,0.851852,0.953704,0.944444,0.953704,0.935185,0.935185,0.962963,0.907407,0.925926,0.898148,0.861111,0.842593,0.824074,0.833333,0.833333,0.851852,0.833333,0.824074,0.814815,0.787037,0.787037,0.777778,0.759259,0.787037,0.777778,0.777778,0.768519,0.768519,0.75
2022-03,clean,30,1.0,0.933333,1.0,0.933333,0.966667,0.933333,0.933333,0.866667,0.933333,0.866667,0.866667,0.9,0.9,0.9,0.866667,0.866667,0.833333,0.866667,0.866667,0.833333,0.833333,0.766667,0.766667,0.766667,0.766667,0.766667,0.766667,0.8,0.766667,0.7,0.666667,0.666667,
2022-04,clean,19,1.0,0.894737,0.789474,0.736842,0.789474,0.789474,0.789474,0.842105,0.789474,0.736842,0.789474,0.684211,0.789474,0.684211,0.684211,0.684211,0.684211,0.736842,0.684211,0.684211,0.631579,0.578947,0.578947,0.578947,0.526316,0.526316,0.578947,0.526316,0.526316,0.526316,0.578947,,
2022-05,clean,38,1.0,0.789474,0.842105,0.921053,0.921053,0.947368,0.947368,0.921053,0.947368,0.921053,0.921053,0.894737,0.921053,0.921053,0.921053,0.868421,0.894737,0.868421,0.947368,0.947368,0.921053,0.868421,0.868421,0.894737,0.868421,0.868421,0.868421,0.842105,0.842105,0.868421,,,
2022-06,clean,33,1.0,1.0,0.969697,0.969697,0.969697,0.969697,0.969697,0.969697,0.969697,0.969697,0.878788,0.848485,0.848485,0.848485,0.818182,0.818182,0.787879,0.787879,0.727273,0.757576,0.727273,0.727273,0.757576,0.757576,0.757576,0.757576,0.757576,0.757576,0.757576,,,,
2022-07,clean,32,1.0,0.875,0.90625,0.84375,0.875,0.875,0.84375,0.875,0.8125,0.8125,0.78125,0.75,0.78125,0.71875,0.75,0.78125,0.75,0.78125,0.75,0.75,0.75,0.71875,0.6875,0.71875,0.65625,0.65625,0.65625,0.65625,,,,,
2022-08,clean,26,1.0,1.0,0.961538,0.961538,0.961538,0.923077,0.923077,0.923077,0.923077,0.884615,0.846154,0.884615,0.923077,0.923077,0.923077,0.884615,0.846154,0.884615,0.846154,0.846154,0.846154,0.846154,0.846154,0.807692,0.807692,0.807692,0.730769,,,,,,
2022-09,clean,17,1.0,1.0,0.764706,0.823529,0.823529,0.882353,0.823529,0.705882,0.764706,0.764706,0.882353,0.764706,0.764706,0.823529,0.764706,0.764706,0.705882,0.705882,0.647059,0.647059,0.647059,0.647059,0.647059,0.647059,0.647059,0.647059,,,,,,,
2022-10,clean,32,1.0,0.96875,0.96875,1.0,1.0,1.0,1.0,1.0,1.0,0.9375,1.0,0.96875,1.0,0.96875,0.96875,0.96875,0.96875,0.96875,0.96875,0.96875,0.96875,0.9375,0.9375,0.96875,0.96875,,,,,,,,
2022-11,clean,19,1.0,1.0,0.894737,0.894737,0.894737,0.947368,0.947368,0.947368,0.947368,0.947368,0.947368,0.947368,0.947368,0.947368,0.947368,0.947368,0.894737,0.947368,0.894737,0.894737,0.894737,0.894737,0.894737,0.842105,,,,,,,,,
2022-12,clean,26,1.0,0.807692,0.807692,0.807692,0.730769,0.807692,0.769231,0.692308,0.692308,0.692308,0.730769,0.730769,0.769231,0.730769,0.692308,0.692308,0.730769,0.692308,0.692308,0.730769,0.730769,0.730769,0.692308,,,,,,,,,,
2023-01,clean,60,1.0,1.0,0.983333,0.95,0.966667,0.933333,0.95,0.95,0.9,0.916667,0.883333,0.866667,0.816667,0.816667,0.8,0.816667,0.85,0.8,0.816667,0.816667,0.816667,0.783333,,,,,,,,,,,
2023-02,clean,30,1.0,0.966667,0.966667,0.966667,0.933333,0.9,0.933333,0.933333,0.9,0.866667,0.766667,0.866667,0.8,0.8,0.8,0.8,0.766667,0.766667,0.766667,0.766667,0.7,,,,,,,,,,,,
2023-03,clean,38,1.0,0.973684,0.894737,0.868421,0.921053,0.921053,0.947368,0.947368,0.947368,0.947368,0.973684,0.894737,0.947368,0.973684,0.921053,0.947368,1.0,0.921053,0.947368,0.947368,,,,,,,,,,,,,
2023-04,clean,51,1.0,0.882353,0.960784,0.921569,0.901961,0.921569,0.921569,0.901961,0.901961,0.862745,0.843137,0.882353,0.882353,0.901961,0.862745,0.843137,0.823529,0.843137,0.803922,,,,,,,,,,,,,,
2023-05,clean,47,1.0,1.0,0.978723,1.0,0.978723,0.978723,0.978723,0.978723,1.0,0.93617,0.87234,0.914894,0.914894,0.914894,0.914894,0.87234,0.893617,0.893617,,,,,,,,,,,,,,,
2023-06,clean,46,1.0,1.0,1.0,1.0,1.0,0.978261,0.978261,0.913043,0.934783,0.891304,0.869565,0.826087,0.891304,0.869565,0.847826,0.869565,0.847826,,,,,,,,,,,,,,,,
2023-07,clean,65,1.0,0.938462,0.923077,0.938462,0.938462,0.923077,0.938462,0.938462,0.953846,0.953846,0.969231,0.923077,0.907692,0.907692,0.907692,0.876923,,,,,,,,,,,,,,,,,
2023-08,clean,66,1.0,1.0,0.969697,0.969697,0.969697,0.969697,0.909091,0.924242,0.939394,0.939394,0.909091,0.893939,0.893939,0.878788,0.893939,,,,,,,,,,,,,,,,,,
2023-09,clean,56,1.0,0.982143,1.0,0.946429,0.982143,0.964286,0.946429,0.964286,0.964286,0.946429,0.928571,0.910714,0.910714,0.928571,,,,,,,,,,,,,,,,,,,
2023-10,clean,64,1.0,1.0,1.0,1.0,1.0,0.953125,0.953125,0.9375,0.96875,0.921875,0.9375,0.921875,0.921875,,,,,,,,,,,,,,,,,,,,
2023-11,clean,72,1.0,0.958333,0.930556,0.958333,0.958333,0.944444,0.944444,0.944444,0.958333,0.958333,0.916667,0.902778,,,,,,,,,,,,,,,,,,,,,
2023-12,clean,55,1.0,0.927273,0.945455,0.963636,0.963636,0.963636,0.963636,0.945455,0.945455,0.927273,0.945455,,,,,,,,,,,,,,,,,,,,,,
2024-01,clean,57,1.0,0.964912,0.947368,0.964912,0.964912,0.964912,0.964912,0.964912,0.964912,0.947368,,,,,,,,,,,,,,,,,,,,,,,
2024-02,clean,32,1.0,0.90625,0.9375,0.9375,0.90625,0.9375,0.9375,0.9375,0.9375,,,,,,,,,,,,,,,,,,,,,,,,
2024-03,clean,43,1.0,0.976744,0.953488,0.976744,0.953488,0.953488,0.906977,0.906977,,,,,,,,,,,,,,,,,,,,,,,,,
2024-04,clean,69,1.0,0.956522,0.956522,0.956522,0.913043,0.927536,0.898551,,,,,,,,,,,,,,,,,,,,,,,,,,
2024-05,clean,66,1.0,0.939394,0.939394,0.924242,0.924242,0.924242,,,,,,,,,,,,,,,,,,,,,,,,,,,
2024-06,clean,84,1.0,1.0,0.952381,0.952381,0.964286,,,,,,,,,,,,,,,,,,,,,,,,,,,,
2024-07,clean,48,1.0,0.958333,0.958333,0.958333,,,,,,,,,,,,,,,,,,,,,,,,,,,,,
2024-08,clean,56,1.0,1.0,0.982143,,,,,,,,,,,,,,,,,,,,,,,,,,,,,,
2024-09,clean,49,1.0,0.938776,,,,,,,,,,,,,,,,,,,,,,,,,,,,,,,
2024-10,clean,50,1.0,,,,,,,,,,,,,,,,,,,,,,,,,,,,,,,,
