cohort,new_customers,first_amount_2x_next,share
2022-02,108,32,0.296296
2022-03,30,1,0.033333
2022-04,19,1,0.052632
2022-05,38,1,0.026316
2022-06,33,0,0.0
2022-07,32,1,0.03125
2022-08,26,0,0.0
2022-09,17,0,0.0
2022-10,32,0,0.0
2022-11,19,0,0.0
2022-12,26,0,0.0
2023-01,60,0,0.0
2023-02,30,1,0.033333
2023-03,38,1,0.026316
2023-04,51,1,0.019608
2023-05,47,0,0.0
2023-06,46,2,0.043478
2023-07,65,0,0.0
2023-08,66,1,0.015152
2023-09,56,4,0.071429
2023-10,64,0,0.0
2023-11,72,0,0.0
2023-12,55,1,0.018182
2024-01,57,0,0.0
2024-02,32,0,0.0
2024-03,43,5,0.116279
2024-04,69,8,0.115942
2024-05,66,5,0.075758
2024-06,84,7,0.083333
2024-07,48,2,0.041667
2024-08,56,0,0.0
2024-09,49,1,0.020408
