month,industry,active_customers,new_customers,churned_customers,reactivated_customers,expanded_customers,contracted_customers,total_paid_mrr_cop,new_mrr_cop,expansion_mrr_cop,reactivation_mrr_cop,contraction_mrr_cop,churned_mrr_cop,month_index,mrr_per_active_customer_cop,new_mrr_per_new_customer_cop,logo_churn_rate,share_active_customers,share_mrr,share_new_customers,share_new_mrr,half,year
2022-01,Restaurantes,109,,,,,,12897902.43,,,,,,0,118329.38,,,0.289125,0.368508,,,2022 S1,2022
2022-02,Restaurantes,123,25.0,11.0,0.0,5.0,3.0,15206208.15,3786104.7,188632.5,0.0,-495521.88,-1170909.6,1,123627.71,151444.19,0.100917,0.269147,0.347027,0.231481,0.33965,2022 S1,2022
2022-03,Restaurantes,136,11.0,7.0,9.0,4.0,16.0,13239654.33,1315163.64,393435.0,1056619.2,-1856457.75,-2875313.91,2,97350.4,119560.33,0.056911,0.291221,0.334798,0.366667,0.473006,2022 S1,2022
2022-04,Restaurantes,144,6.0,5.0,7.0,5.0,10.0,18294478.65,189000.0,368550.0,6493522.56,-875334.6,-1120913.64,3,127044.99,31500.0,0.036765,0.288577,0.374926,0.315789,0.047544,2022 S1,2022
2022-05,Restaurantes,154,11.0,4.0,3.0,9.0,13.0,16947499.38,1480500.0,581584.5,663275.76,-3738029.4,-334310.13,4,110048.7,134590.91,0.027778,0.289474,0.343768,0.289474,0.251179,2022 S1,2022
2022-06,Restaurantes,145,7.0,17.0,1.0,4.0,10.0,11472439.65,369600.0,177383.85,105000.0,-753375.42,-5373668.16,5,79120.27,52800.0,0.11039,0.278846,0.29011,0.212121,0.13822,2022 S1,2022
2022-07,Restaurantes,163,8.0,4.0,14.0,5.0,2.0,16144605.54,2585100.0,372923.04,2076536.7,-120893.85,-241500.0,6,99046.66,323137.5,0.027586,0.278157,0.326957,0.25,0.471386,2022 S2,2022
2022-08,Restaurantes,169,7.0,5.0,4.0,4.0,7.0,22865204.88,861000.0,538230.0,8569964.34,-489195.0,-2759400.0,7,135297.07,123000.0,0.030675,0.277504,0.415044,0.269231,0.337168,2022 S2,2022
2022-09,Restaurantes,175,4.0,2.0,4.0,2.0,6.0,16808890.77,263550.0,147699.93,487200.0,-6740564.04,-214200.0,8,96050.8,65887.5,0.011834,0.278219,0.333088,0.235294,0.195635,2022 S2,2022
2022-10,Restaurantes,181,9.0,4.0,1.0,1.0,6.0,17019802.38,952350.0,14175.0,130200.0,-415413.39,-470400.0,9,94032.06,105816.67,0.022857,0.276758,0.34545,0.28125,0.422844,2022 S2,2022
2022-11,Restaurantes,184,5.0,5.0,3.0,6.0,4.0,18278285.97,593250.0,473871.09,1018500.0,-452550.0,-374587.5,10,99338.51,118650.0,0.027624,0.275037,0.363572,0.263158,0.402278,2022 S2,2022
2022-12,Restaurantes,196,10.0,2.0,4.0,4.0,6.0,24575781.3,4938528.0,297544.17,2235618.0,-804594.84,-369600.0,11,125386.64,493852.8,0.01087,0.281205,0.393767,0.384615,0.751765,2022 S2,2022
2023-01,Restaurantes,204,15.0,9.0,2.0,6.0,7.0,19755147.3,534450.0,548652.72,382200.0,-3579929.22,-2706007.5,12,96838.96,35630.0,0.045918,0.278308,0.350498,0.25,0.144717,2023 S1,2023
2023-02,Restaurantes,212,7.0,2.0,3.0,6.0,6.0,19301052.54,531300.0,640433.22,363615.0,-1779462.93,-209980.05,13,91042.7,75900.0,0.009804,0.277851,0.347649,0.233333,0.323571,2023 S1,2023
2023-03,Restaurantes,216,7.0,4.0,1.0,10.0,5.0,19847395.26,192150.0,395033.52,906675.0,-277720.8,-669795.0,14,91886.09,27450.0,0.018868,0.272727,0.350099,0.184211,0.114161,2023 S1,2023
2023-04,Restaurantes,236,22.0,5.0,3.0,19.0,9.0,20902852.53,1522395.0,548787.54,274096.62,-898667.49,-391154.4,15,88571.41,69199.77,0.023148,0.287105,0.347901,0.431373,0.527351,2023 S1,2023
2023-05,Restaurantes,240,10.0,9.0,3.0,23.0,15.0,21697935.0,389550.0,1265472.81,342211.8,-437962.14,-764190.0,16,90408.06,38955.0,0.038136,0.278746,0.349842,0.212766,0.19516,2023 S1,2023
2023-06,Restaurantes,244,7.0,7.0,4.0,3.0,7.0,21496358.94,380100.0,8535.66,757315.86,-996827.58,-350700.0,17,88099.83,54300.0,0.029167,0.271413,0.346639,0.152174,0.174475,2023 S1,2023
2023-07,Restaurantes,267,18.0,5.0,10.0,7.0,7.0,23504459.37,761250.0,88146.66,2362065.93,-977710.65,-225651.51,18,88031.68,42291.67,0.020492,0.278415,0.364545,0.276923,0.30058,2023 S2,2023
2023-08,Restaurantes,271,9.0,8.0,3.0,13.0,8.0,22932337.47,478800.0,970260.48,174300.0,-749016.45,-1446465.93,19,84621.17,53200.0,0.029963,0.265426,0.336646,0.136364,0.159966,2023 S2,2023
2023-09,Restaurantes,289,19.0,6.0,5.0,11.0,8.0,23713472.16,945840.0,160049.19,603303.33,-442257.9,-485799.93,20,82053.54,49781.05,0.02214,0.268089,0.342436,0.339286,0.419711,2023 S2,2023
2023-10,Restaurantes,306,16.0,2.0,3.0,13.0,9.0,24344146.89,936285.0,271162.71,306671.61,-718944.66,-164499.93,21,79556.04,58517.81,0.00692,0.270079,0.338795,0.25,0.316105,2023 S2,2023
2023-11,Restaurantes,322,17.0,4.0,3.0,18.0,6.0,26554954.44,1079400.84,1169575.26,613200.0,-407696.94,-243671.61,22,82468.8,63494.17,0.013072,0.267664,0.345431,0.236111,0.329267,2023 S2,2023
2023-12,Restaurantes,335,17.0,7.0,3.0,17.0,8.0,26628030.03,711900.0,287185.5,809121.6,-885631.53,-849499.98,23,79486.66,41876.47,0.021739,0.269944,0.341744,0.309091,0.232271,2023 S2,2023
2024-01,Restaurantes,356,24.0,7.0,4.0,13.0,8.0,26231796.99,1080562.98,258532.89,190179.99,-547288.56,-1378220.34,24,73684.82,45023.46,0.020896,0.277475,0.342872,0.421053,0.46701,2024 S1,2024
2024-02,Restaurantes,358,8.0,9.0,3.0,8.0,6.0,25221406.56,266259.0,255187.38,828027.48,-587418.72,-1772445.57,25,70450.86,33282.38,0.025281,0.27709,0.333471,0.25,0.206809,2024 S1,2024
2024-03,Restaurantes,362,7.0,7.0,4.0,5.0,7.0,25536131.67,648900.0,233129.61,474416.25,-598620.54,-443100.21,26,70541.8,92700.0,0.019553,0.274242,0.327223,0.162791,0.239677,2024 S1,2024
2024-04,Restaurantes,388,20.0,3.0,9.0,9.0,10.0,27137137.44,1217359.29,537639.69,660380.28,-672000.0,-142373.49,27,69941.08,60867.96,0.008287,0.277738,0.322598,0.289855,0.290567,2024 S1,2024
2024-05,Restaurantes,411,20.0,3.0,6.0,15.0,20.0,28043231.58,1288959.0,242089.05,570279.99,-822284.61,-372949.29,28,68231.71,64447.95,0.007732,0.282086,0.32741,0.30303,0.323479,2024 S1,2024
2024-06,Restaurantes,430,24.0,7.0,2.0,16.0,17.0,29202921.72,1541739.78,741545.28,78925.77,-956504.22,-246016.47,29,67913.77,64239.16,0.017032,0.281046,0.324135,0.285714,0.333019,2024 S1,2024
2024-07,Restaurantes,443,13.0,4.0,4.0,19.0,20.0,29660531.25,559125.21,659991.99,467302.08,-415233.84,-813575.91,30,66953.8,43009.63,0.009302,0.282886,0.331647,0.270833,0.235048,2024 S2,2024
2024-08,Restaurantes,436,7.0,15.0,1.0,29.0,15.0,30392942.16,505050.0,918674.4,377651.82,-283383.24,-785582.07,31,69708.58,72150.0,0.03386,0.27216,0.333297,0.125,0.241545,2024 S2,2024
2024-09,Restaurantes,448,12.0,8.0,8.0,24.0,23.0,31017145.95,908699.19,594476.19,385014.0,-831564.72,-432420.87,32,69234.7,75724.93,0.018349,0.27234,0.334728,0.244898,0.381342,2024 S2,2024
2024-10,Restaurantes,459,18.0,10.0,3.0,41.0,22.0,31319474.13,1144297.98,439375.02,373800.0,-594965.28,-1060179.54,33,68234.15,63572.11,0.022321,0.27354,0.322856,0.36,0.51982,2024 S2,2024
2022-01,Producción,91,,,,,,7589179.92,,,,,,0,83397.58,,,0.241379,0.216832,,,2022 S1,2022
2022-02,Producción,110,25.0,6.0,0.0,5.0,5.0,9598336.23,2185954.89,246750.0,0.0,-178051.44,-245497.14,1,87257.6,87438.2,0.065934,0.2407,0.219048,0.231481,0.196101,2022 S1,2022
2022-03,Producción,110,7.0,9.0,2.0,5.0,14.0,8885135.28,427875.0,297005.52,178500.0,-963976.02,-652605.45,2,80773.96,61125.0,0.081818,0.235546,0.224683,0.233333,0.153888,2022 S1,2022
2022-04,Producción,118,5.0,4.0,7.0,1.0,6.0,9392560.8,411600.0,42000.0,672213.78,-242408.46,-375979.8,3,79597.97,82320.0,0.036364,0.236473,0.192491,0.263158,0.103539,2022 S1,2022
2022-05,Producción,129,9.0,2.0,4.0,10.0,8.0,11415129.18,1407000.0,697415.67,646959.6,-586006.89,-142800.0,4,88489.37,156333.33,0.016949,0.242481,0.231548,0.236842,0.238709,2022 S1,2022
2022-06,Producción,127,11.0,15.0,2.0,1.0,9.0,10017193.62,1098300.0,105000.0,201600.0,-1309431.06,-1493404.5,5,78875.54,99845.45,0.116279,0.244231,0.25331,0.333333,0.410733,2022 S1,2022
2022-07,Producción,140,8.0,5.0,10.0,3.0,4.0,11243389.71,1348088.07,95550.0,990662.82,-801675.0,-406429.8,6,80309.93,168511.01,0.03937,0.238908,0.227699,0.25,0.24582,2022 S2,2022
2022-08,Producción,147,7.0,2.0,2.0,3.0,11.0,10285099.86,375921.0,307422.99,87150.0,-1497783.84,-231000.0,7,69966.67,53703.0,0.014286,0.241379,0.186693,0.269231,0.147211,2022 S2,2022
2022-09,Producción,152,4.0,2.0,3.0,4.0,4.0,11503099.86,317100.0,220500.0,1165500.0,-369600.0,-115500.0,8,75678.29,79275.0,0.013605,0.241653,0.227948,0.235294,0.235386,2022 S2,2022
2022-10,Producción,161,8.0,2.0,3.0,2.0,8.0,11449987.08,489300.0,101850.0,745500.0,-1194008.55,-195754.23,9,71117.93,61162.5,0.013158,0.246177,0.2324,0.25,0.217249,2022 S2,2022
2022-11,Producción,165,5.0,2.0,1.0,2.0,5.0,10884573.84,156450.0,65190.3,94500.0,-760803.54,-120750.0,10,65967.11,31290.0,0.012422,0.246637,0.216504,0.263158,0.106088,2022 S2,2022
2022-12,Producción,169,6.0,4.0,2.0,7.0,4.0,12268521.09,409920.0,265467.09,1013485.41,-76915.23,-228010.02,11,72594.8,68320.0,0.024242,0.242468,0.196573,0.230769,0.0624,2022 S2,2022
2023-01,Producción,183,16.0,4.0,2.0,7.0,8.0,14358687.42,2093406.0,609243.18,268222.5,-654080.28,-226625.07,12,78462.77,130837.88,0.023669,0.249659,0.254753,0.266667,0.566845,2023 S1,2023
2023-02,Producción,188,6.0,3.0,2.0,8.0,14.0,12852934.71,283710.0,364997.01,218170.68,-2152130.4,-220500.0,13,68366.67,47285.0,0.016393,0.246396,0.231506,0.2,0.172784,2023 S1,2023
2023-03,Producción,200,13.0,2.0,1.0,6.0,10.0,13248669.63,704550.0,106240.26,147000.0,-499055.34,-63000.0,14,66243.35,54196.15,0.010638,0.252525,0.2337,0.342105,0.41859,2023 S1,2023
2023-04,Producción,196,2.0,8.0,2.0,17.0,8.0,12983263.86,102900.0,322485.03,102627.0,-252096.6,-541321.2,15,66241.14,51450.0,0.04,0.238443,0.21609,0.039216,0.035644,2023 S1,2023
2023-05,Producción,201,6.0,6.0,5.0,18.0,17.0,14001898.05,195300.0,193187.61,1186645.95,-237963.81,-318535.56,16,69661.18,32550.0,0.030612,0.233449,0.225757,0.12766,0.097843,2023 S1,2023
2023-06,Producción,211,12.0,3.0,1.0,9.0,7.0,13910520.54,620550.0,525763.56,6300.0,-554414.91,-689576.16,17,65926.64,51712.5,0.014925,0.234705,0.224314,0.26087,0.284847,2023 S1,2023
2023-07,Producción,220,14.0,8.0,3.0,7.0,6.0,14160449.31,668850.0,148493.31,675506.16,-237799.8,-1005120.9,18,64365.68,47775.0,0.037915,0.229406,0.219623,0.215385,0.264096,2023 S2,2023
2023-08,Producción,240,22.0,4.0,2.0,8.0,4.0,15719223.03,813330.0,282103.92,1004661.0,-370801.2,-170520.0,19,65496.76,36969.55,0.018182,0.235064,0.230757,0.333333,0.271732,2023 S2,2023
2023-09,Producción,256,13.0,4.0,7.0,5.0,6.0,15907676.82,581069.79,166796.07,631400.07,-762606.6,-428205.54,20,62139.36,44697.68,0.016667,0.237477,0.229716,0.232143,0.257846,2023 S2,2023
2023-10,Producción,266,15.0,6.0,1.0,9.0,12.0,16158670.5,439530.0,156559.2,460202.4,-618047.85,-187250.07,21,60746.88,29302.0,0.023438,0.234775,0.224879,0.234375,0.148392,2023 S2,2023
2023-11,Producción,290,21.0,2.0,5.0,15.0,3.0,17461578.96,1085986.86,424219.74,233100.0,-370801.2,-69596.94,22,60212.34,51713.66,0.007519,0.241064,0.227143,0.291667,0.331276,2023 S2,2023
2023-12,Producción,302,15.0,5.0,2.0,14.0,12.0,18297372.87,1502550.0,247939.44,16800.0,-490436.94,-441058.59,23,60587.33,100170.0,0.017241,0.243352,0.234829,0.272727,0.490236,2023 S2,2023
2024-01,Producción,306,10.0,9.0,3.0,14.0,8.0,17843505.75,394800.0,239705.97,627238.08,-309656.13,-1405955.04,24,58312.11,39480.0,0.029801,0.238504,0.23323,0.175439,0.170629,2024 S1,2024
2024-02,Producción,313,9.0,5.0,3.0,12.0,4.0,17975429.43,343137.9,181252.05,312810.33,-373209.48,-332067.12,25,57429.49,38126.43,0.01634,0.24226,0.237666,0.28125,0.266522,2024 S1,2024
2024-03,Producción,320,12.0,7.0,2.0,3.0,6.0,17856025.53,468510.0,49640.22,88200.0,-246855.0,-478899.12,26,55800.08,39042.5,0.022364,0.242424,0.22881,0.27907,0.173048,2024 S1,2024
2024-04,Producción,329,13.0,8.0,4.0,3.0,8.0,18285297.24,573300.0,67103.61,490871.64,-184476.6,-517526.94,27,55578.41,44100.0,0.025,0.235505,0.21737,0.188406,0.136839,2024 S1,2024
2024-05,Producción,340,14.0,5.0,2.0,10.0,8.0,19334778.12,1220100.0,114724.47,415333.59,-378735.0,-321942.18,28,56866.99,87150.0,0.015198,0.233356,0.225737,0.212121,0.306198,2024 S1,2024
2024-06,Producción,357,15.0,6.0,8.0,11.0,13.0,20235683.58,873600.0,89287.8,1221998.4,-636028.26,-647952.48,29,56682.59,58240.0,0.017647,0.233333,0.224604,0.178571,0.1887,2024 S1,2024
2024-07,Producción,368,14.0,7.0,4.0,15.0,16.0,20415928.47,848400.0,120142.68,525150.99,-872654.79,-440793.99,30,55478.07,60600.0,0.019608,0.234994,0.228279,0.291667,0.356654,2024 S2,2024
2024-08,Producción,380,10.0,1.0,3.0,14.0,21.0,21217353.78,440790.0,550538.52,226188.9,-369892.11,-46200.0,31,55835.14,44079.0,0.002717,0.237203,0.232675,0.178571,0.210812,2024 S2,2024
2024-09,Producción,381,7.0,6.0,0.0,29.0,12.0,20636876.61,291900.0,190658.37,0.0,-589170.54,-473865.0,32,54165.03,41700.0,0.015789,0.231611,0.222707,0.142857,0.122498,2024 S2,2024
2024-10,Producción,389,9.0,5.0,4.0,19.0,25.0,22936660.11,285138.42,1306284.0,1415400.0,-255305.61,-451733.31,33,58963.14,31682.05,0.013123,0.231824,0.236442,0.18,0.12953,2024 S2,2024
2022-01,Retail,58,,,,,,3519226.62,,,,,,0,60676.32,,,0.153846,0.100548,,,2022 S1,2022
2022-02,Retail,75,19.0,2.0,0.0,4.0,6.0,4385689.77,1293600.0,70563.15,0.0,-392700.0,-105000.0,1,58475.86,68084.21,0.034483,0.164114,0.100088,0.175926,0.116048,2022 S1,2022
2022-03,Retail,73,4.0,7.0,1.0,2.0,9.0,4484617.62,390600.0,301266.0,168000.0,-391338.15,-369600.0,2,61433.12,97650.0,0.093333,0.156317,0.113405,0.133333,0.140481,2022 S1,2022
2022-04,Retail,83,4.0,1.0,7.0,3.0,5.0,4865260.47,308700.0,109774.35,359100.0,-359131.5,-37800.0,3,58617.6,77175.0,0.013699,0.166333,0.099708,0.210526,0.077655,2022 S1,2022
2022-05,Retail,83,8.0,8.0,0.0,2.0,5.0,6428882.46,2396653.14,30975.0,0.0,-173880.0,-690126.15,4,77456.42,299581.64,0.096386,0.156015,0.130405,0.210526,0.406612,2022 S1,2022
2022-06,Retail,91,6.0,4.0,6.0,2.0,5.0,5269655.16,245349.93,38031.0,702848.79,-1859857.02,-285600.0,5,57908.3,40891.66,0.048193,0.175,0.133257,0.181818,0.091754,2022 S1,2022
2022-07,Retail,100,7.0,1.0,3.0,2.0,7.0,6139828.59,812700.0,23274.93,508200.0,-348001.5,-126000.0,6,61398.29,116100.0,0.010989,0.170648,0.124342,0.21875,0.148194,2022 S2,2022
2022-08,Retail,101,4.0,5.0,2.0,2.0,5.0,5635330.68,236250.0,136468.29,302400.0,-512866.2,-666750.0,7,55795.35,59062.5,0.05,0.165846,0.102291,0.153846,0.092516,2022 S2,2022
2022-09,Retail,105,5.0,1.0,0.0,1.0,1.0,5450499.39,172200.0,7245.0,0.0,-124876.29,-239400.0,8,51909.52,34440.0,0.009901,0.166932,0.108008,0.294118,0.127825,2022 S2,2022
2022-10,Retail,108,5.0,2.0,0.0,1.0,2.0,5634606.39,150150.0,115500.0,0.0,-41643.0,-39900.0,9,52172.28,30030.0,0.019048,0.165138,0.114365,0.15625,0.066667,2022 S2,2022
2022-11,Retail,111,2.0,0.0,1.0,1.0,3.0,5510748.39,36750.0,3612.0,33600.0,-197820.0,0.0,10,49646.38,18375.0,0.0,0.165919,0.109614,0.105263,0.02492,2022 S2,2022
2022-12,Retail,115,4.0,1.0,1.0,3.0,1.0,7006886.46,201600.0,222600.0,1134168.0,-56349.93,-5880.0,11,60929.45,50400.0,0.009009,0.164993,0.112268,0.153846,0.030688,2022 S2,2022
2023-01,Retail,125,15.0,5.0,0.0,1.0,3.0,5859340.41,487200.0,271.95,0.0,-189000.0,-1446018.0,12,46874.72,32480.0,0.043478,0.170532,0.103957,0.25,0.131922,2023 S1,2023
2023-02,Retail,132,7.0,1.0,1.0,1.0,2.0,6223090.44,320250.0,126000.0,84000.0,-61499.97,-105000.0,13,47144.62,45750.0,0.008,0.173001,0.11209,0.233333,0.195038,2023 S1,2023
2023-03,Retail,140,9.0,2.0,1.0,2.0,3.0,6596984.52,224700.0,11375.91,315000.0,-123181.8,-54000.03,14,47121.32,24966.67,0.015152,0.176768,0.116368,0.236842,0.1335,2023 S1,2023
2023-04,Retail,147,13.0,7.0,1.0,12.0,5.0,7027133.19,747600.0,143757.81,15750.0,-234740.94,-242218.2,15,47803.63,57507.69,0.05,0.178832,0.116957,0.254902,0.258966,2023 S1,2023
2023-05,Retail,162,19.0,6.0,2.0,9.0,14.0,7330883.49,574350.0,102038.58,42000.0,-186095.28,-228543.0,16,45252.37,30228.95,0.040816,0.188153,0.118198,0.404255,0.287743,2023 S1,2023
2023-06,Retail,182,14.0,1.0,7.0,6.0,6.0,8213261.28,417690.0,201071.43,430989.72,-161073.36,-6300.0,17,45127.81,29835.0,0.006173,0.202447,0.132443,0.304348,0.191729,2023 S1,2023
2023-07,Retail,198,18.0,3.0,1.0,5.0,6.0,8182501.74,387450.0,117428.85,6300.0,-499938.39,-42000.0,18,41325.77,21525.0,0.016484,0.206465,0.126907,0.276923,0.152985,2023 S2,2023
2023-08,Retail,214,17.0,2.0,1.0,6.0,4.0,8847041.7,735000.0,73627.26,12600.0,-135687.3,-21000.0,19,41341.32,43235.29,0.010101,0.209598,0.129874,0.257576,0.245562,2023 S2,2023
2023-09,Retail,224,11.0,3.0,2.0,4.0,11.0,8715722.19,328062.0,66818.01,56700.0,-413036.82,-169862.7,20,38909.47,29823.82,0.014019,0.207792,0.12586,0.196429,0.145576,2023 S2,2023
2023-10,Retail,238,19.0,7.0,2.0,11.0,5.0,9533170.92,621180.0,295784.79,194241.39,-155400.0,-138357.45,21,40055.34,32693.68,0.03125,0.210062,0.132672,0.296875,0.20972,2023 S2,2023
2023-11,Retail,250,15.0,4.0,1.0,7.0,5.0,9613066.26,416849.79,111458.55,6300.0,-369873.0,-84840.0,22,38452.27,27789.99,0.016807,0.207814,0.125048,0.208333,0.127158,2023 S2,2023
2023-12,Retail,258,12.0,6.0,2.0,8.0,5.0,9634193.52,305550.0,53493.3,19656.0,-143519.04,-214053.0,23,37341.84,25462.5,0.024,0.207897,0.123645,0.218182,0.099692,2023 S2,2023
2024-01,Retail,270,13.0,7.0,6.0,12.0,7.0,9884374.92,411075.0,72821.7,214126.5,-198676.8,-249165.0,24,36608.8,31621.15,0.027132,0.210444,0.129197,0.22807,0.177663,2024 S1,2024
2024-02,Retail,264,5.0,14.0,3.0,7.0,7.0,9642185.49,119700.0,87950.73,176400.0,-217344.96,-408895.2,25,36523.43,23940.0,0.051852,0.204334,0.127486,0.15625,0.092973,2024 S1,2024
2024-03,Retail,270,11.0,7.0,2.0,2.0,5.0,9782625.72,348841.29,7138.32,12600.0,-113400.0,-114739.38,26,36231.95,31712.84,0.026515,0.204545,0.125356,0.255814,0.128848,2024 S1,2024
2024-04,Retail,290,17.0,3.0,6.0,3.0,6.0,11226495.84,1270080.0,20958.63,400050.0,-156450.0,-90768.51,27,38712.05,74710.59,0.011111,0.207588,0.133457,0.246377,0.303151,2024 S1,2024
2024-05,Retail,299,14.0,8.0,3.0,12.0,12.0,12061520.1,488670.0,722369.76,263227.02,-521642.52,-117600.0,28,40339.53,34905.0,0.027586,0.205216,0.140821,0.212121,0.122637,2024 S1,2024
2024-06,Retail,320,21.0,6.0,6.0,8.0,17.0,11739392.07,912240.0,29816.85,136500.0,-1165694.88,-234990.0,29,36685.6,43440.0,0.020067,0.20915,0.1303,0.25,0.197046,2024 S1,2024
2024-07,Retail,321,5.0,6.0,2.0,14.0,15.0,11419195.62,112350.0,94795.47,63000.0,-341071.92,-249270.0,30,35573.82,22470.0,0.01875,0.204981,0.127683,0.104167,0.04723,2024 S2,2024
2024-08,Retail,344,23.0,3.0,3.0,19.0,11.0,12321164.94,560436.87,144502.26,316050.0,-84019.95,-34999.86,31,35817.34,24366.82,0.009346,0.214732,0.135117,0.410714,0.268034,2024 S2,2024
2024-09,Retail,361,17.0,2.0,2.0,23.0,20.0,13282911.81,557970.0,795029.97,12600.0,-337913.1,-65940.0,32,36794.77,32821.76,0.005814,0.219453,0.143345,0.346939,0.234156,2024 S2,2024
2024-10,Retail,360,7.0,8.0,0.0,28.0,20.0,12475484.91,120372.0,107393.79,0.0,-801499.86,-233692.83,33,34654.12,17196.0,0.022161,0.214541,0.128603,0.14,0.054681,2024 S2,2024
2022-01,Tecnología,62,,,,,,5986200.78,,,,,,0,96551.63,,,0.164456,0.171033,,,2022 S1,2022
2022-02,Tecnología,77,17.0,2.0,0.0,7.0,5.0,8181623.1,2180098.2,464697.87,0.0,-302373.75,-147000.0,1,106254.85,128241.07,0.032258,0.16849,0.186716,0.157407,0.195576,2022 S1,2022
2022-03,Tecnología,76,4.0,7.0,2.0,1.0,12.0,7140639.03,327600.0,218515.5,147000.0,-995689.17,-738410.4,2,93955.78,81900.0,0.090909,0.162741,0.180569,0.133333,0.117823,2022 S1,2022
2022-04,Tecnología,79,2.0,2.0,3.0,5.0,2.0,10208107.56,2982000.0,293607.3,579700.8,-518911.89,-268927.68,3,129216.55,1491000.0,0.026316,0.158317,0.209204,0.105263,0.750132,2022 S1,2022
2022-05,Tecnología,83,5.0,4.0,3.0,4.0,5.0,7474221.51,237300.0,357856.17,342427.68,-1244919.9,-2426550.0,4,90050.86,47460.0,0.050633,0.156015,0.151609,0.131579,0.04026,2022 S1,2022
2022-06,Tecnología,86,6.0,8.0,5.0,1.0,3.0,7485147.39,771750.0,84000.0,547050.0,-195214.74,-1196659.38,5,87036.6,128625.0,0.096386,0.165385,0.189281,0.181818,0.288613,2022 S1,2022
2022-07,Tecnología,93,3.0,1.0,5.0,4.0,3.0,8535274.23,327600.0,265776.84,1191750.0,-630000.0,-105000.0,6,91777.14,109200.0,0.011628,0.158703,0.172855,0.09375,0.059737,2022 S2,2022
2022-08,Tecnología,95,3.0,2.0,1.0,5.0,7.0,9556963.08,726600.0,1199923.2,210000.0,-759246.18,-355588.17,7,100599.61,242200.0,0.021505,0.155993,0.173476,0.115385,0.284537,2022 S2,2022
2022-09,Tecnología,97,2.0,0.0,0.0,1.0,8.0,8305230.15,501900.0,56700.0,0.0,-1810332.93,0.0,8,85620.93,250950.0,0.0,0.154213,0.164578,0.117647,0.372564,2022 S2,2022
2022-10,Tecnología,100,5.0,2.0,0.0,3.0,4.0,8050834.47,392700.0,95254.32,0.0,-600600.0,-141750.0,9,80508.34,78540.0,0.020619,0.152905,0.163408,0.15625,0.174359,2022 S2,2022
2022-11,Tecnología,101,2.0,3.0,2.0,0.0,4.0,7968325.05,210000.0,0.0,63000.0,-177009.42,-178500.0,10,78894.31,105000.0,0.03,0.150972,0.158497,0.105263,0.142399,2022 S2,2022
2022-12,Tecnología,107,5.0,1.0,2.0,7.0,1.0,9399039.51,914193.0,411521.46,168000.0,-42000.0,-21000.0,11,87841.49,182838.6,0.009901,0.153515,0.150597,0.192308,0.139163,2022 S2,2022
2023-01,Tecnología,109,8.0,7.0,1.0,0.0,7.0,8290991.52,395010.0,0.0,228176.34,-454282.92,-1276951.41,12,76064.14,49376.25,0.065421,0.148704,0.1471,0.133333,0.106959,2023 S1,2023
2023-02,Tecnología,112,3.0,3.0,3.0,2.0,2.0,8885501.1,269850.0,30951.27,675184.65,-16800.0,-364676.34,13,79334.83,89950.0,0.027523,0.146789,0.160045,0.1,0.164343,2023 S1,2023
2023-03,Tecnología,115,5.0,2.0,0.0,4.0,4.0,8864768.01,453600.0,151833.78,0.0,-447666.87,-178500.0,14,77084.94,90720.0,0.017857,0.145202,0.15637,0.131579,0.269495,2023 S1,2023
2023-04,Tecnología,116,4.0,4.0,1.0,10.0,4.0,10866406.32,142800.0,288196.44,2142000.0,-126119.91,-445238.22,15,93675.92,35700.0,0.034783,0.141119,0.180857,0.078431,0.049465,2023 S1,2023
2023-05,Tecnología,121,7.0,4.0,2.0,13.0,7.0,9445649.22,368550.0,130755.87,610895.04,-75638.01,-2455320.0,16,78063.22,52650.0,0.034483,0.140534,0.152295,0.148936,0.18464,2023 S1,2023
2023-06,Tecnología,125,5.0,4.0,3.0,2.0,6.0,9500959.86,308700.0,25132.8,350700.0,-390509.49,-238712.67,17,76007.68,61740.0,0.033058,0.139043,0.153208,0.108696,0.1417,2023 S1,2023
2023-07,Tecnología,127,6.0,6.0,2.0,2.0,4.0,9214142.28,279300.0,5880.0,307325.34,-228323.76,-650999.16,18,72552.3,46550.0,0.048,0.13243,0.142908,0.092308,0.110282,2023 S2,2023
2023-08,Tecnología,137,8.0,1.0,3.0,4.0,2.0,10422701.1,530250.0,73934.28,800037.21,-153662.67,-42000.0,19,76078.11,66281.25,0.007874,0.134182,0.153005,0.121212,0.177156,2023 S2,2023
2023-09,Tecnología,141,4.0,2.0,2.0,6.0,5.0,10548440.07,178500.0,18797.1,498962.52,-522220.65,-48300.0,20,74811.63,44625.0,0.014599,0.130798,0.152325,0.071429,0.079208,2023 S2,2023
2023-10,Tecnología,146,3.0,2.0,4.0,4.0,2.0,10665079.95,69300.0,174670.02,361321.8,-138592.44,-350059.5,21,73048.49,23100.0,0.014184,0.128861,0.148425,0.046875,0.023397,2023 S2,2023
2023-11,Tecnología,154,6.0,0.0,2.0,8.0,1.0,11608620.66,285039.93,300974.94,476700.0,-119174.16,0.0,22,75380.65,47506.66,0.0,0.128013,0.151007,0.083333,0.08695,2023 S2,2023
2023-12,Tecnología,156,5.0,4.0,1.0,12.0,4.0,11196811.08,326550.0,177739.8,31290.0,-61950.0,-885439.38,23,71774.43,65310.0,0.025974,0.125705,0.1437,0.090909,0.106543,2023 S2,2023
2024-01,Tecnología,159,6.0,5.0,2.0,9.0,5.0,10996440.21,271950.0,194189.52,83884.5,-277684.89,-472710.0,24,69160.0,45325.0,0.032051,0.123928,0.143733,0.105263,0.117535,2024 S1,2024
2024-02,Tecnología,161,3.0,5.0,4.0,9.0,2.0,11490548.37,225519.0,321908.16,346710.0,-29400.0,-370629.0,25,71369.87,75173.0,0.031447,0.124613,0.151925,0.09375,0.175165,2024 S1,2024
2024-03,Tecnología,164,4.0,5.0,4.0,2.0,4.0,11735322.48,302400.0,106947.33,513450.0,-226863.0,-451160.22,26,71556.84,75600.0,0.031056,0.124242,0.150378,0.093023,0.111694,2024 S1,2024
2024-04,Tecnología,172,6.0,2.0,4.0,4.0,3.0,12825198.54,513450.0,80962.77,760798.29,-183435.0,-81900.0,27,74565.11,85575.0,0.012195,0.123121,0.152462,0.086957,0.122554,2024 S1,2024
2024-05,Tecnología,178,7.0,3.0,2.0,5.0,7.0,12666359.16,373322.67,27004.95,261765.0,-652932.0,-168000.0,28,71159.32,53331.81,0.017442,0.122169,0.147882,0.106061,0.09369,2024 S1,2024
2024-06,Tecnología,187,10.0,2.0,1.0,7.0,5.0,15326006.01,703500.0,88172.7,2142000.0,-179525.85,-94500.0,29,81957.25,70350.0,0.011236,0.122222,0.170109,0.119048,0.151958,2024 S1,2024
2024-07,Tecnología,187,7.0,9.0,2.0,4.0,5.0,13717036.41,399000.0,13886.25,842247.0,-149406.6,-2714696.25,30,73353.14,57000.0,0.048128,0.119413,0.153376,0.145833,0.167733,2024 S2,2024
2024-08,Tecnología,194,7.0,2.0,2.0,8.0,8.0,13409119.92,249900.0,101981.46,239032.5,-355833.45,-542997.0,31,69119.17,35700.0,0.010695,0.121099,0.147048,0.125,0.119517,2024 S2,2024
2024-09,Tecnología,200,5.0,2.0,3.0,11.0,9.0,13865204.64,259350.0,269470.32,399000.0,-200835.6,-270900.0,32,69326.02,51870.0,0.010309,0.121581,0.149629,0.102041,0.108838,2024 S2,2024
2024-10,Tecnología,206,6.0,3.0,3.0,18.0,12.0,15283521.54,317625.0,106158.57,1718499.93,-419466.6,-304500.0,33,74191.85,52937.5,0.015,0.122765,0.15755,0.12,0.144288,2024 S2,2024
2022-01,Servicios profesionales,23,,,,,,1957959.57,,,,,,0,85128.68,,,0.061008,0.055941,,,2022 S1,2022
2022-02,Servicios profesionales,36,16.0,3.0,0.0,3.0,4.0,3288008.43,1290807.21,262717.98,0.0,-65976.33,-157500.0,1,91333.57,80675.45,0.130435,0.078775,0.075037,0.148148,0.115798,2022 S1,2022
2022-03,Servicios profesionales,32,1.0,5.0,0.0,1.0,11.0,2343744.9,105000.0,8850.24,0.0,-605995.11,-452118.66,2,73242.03,105000.0,0.138889,0.068522,0.059267,0.033333,0.037764,2022 S1,2022
2022-04,Servicios profesionales,37,0.0,2.0,7.0,3.0,1.0,3046679.16,0.0,151884.39,675337.32,-345.45,-123942.0,3,82342.68,,0.0625,0.074148,0.062438,0.0,0.0,2022 S1,2022
2022-05,Servicios profesionales,41,3.0,0.0,1.0,5.0,5.0,3187729.65,218400.0,152294.31,105000.0,-334643.82,0.0,4,77749.5,72800.0,0.0,0.077068,0.064661,0.078947,0.037053,2022 S1,2022
2022-06,Servicios profesionales,35,0.0,7.0,1.0,2.0,6.0,2594564.91,0.0,166425.0,18942.0,-247231.74,-531300.0,5,74130.43,,0.170732,0.067308,0.06561,0.0,0.0,2022 S1,2022
2022-07,Servicios profesionales,45,4.0,0.0,6.0,4.0,3.0,3395076.93,342300.0,105762.3,529200.0,-176750.28,0.0,6,75446.15,85575.0,0.0,0.076792,0.068756,0.125,0.062418,2022 S2,2022
2022-08,Servicios profesionales,48,3.0,1.0,1.0,1.0,7.0,2767324.35,185850.0,13275.36,52500.0,-564648.0,-314729.94,7,57652.59,61950.0,0.022222,0.078818,0.050232,0.115385,0.072779,2022 S2,2022
2022-09,Servicios profesionales,50,2.0,1.0,1.0,0.0,2.0,3410229.9,92400.0,0.0,629216.91,-76275.36,-2436.0,8,68204.6,46200.0,0.020833,0.079491,0.067578,0.117647,0.068589,2022 S2,2022
2022-10,Servicios profesionales,50,0.0,0.0,0.0,1.0,2.0,3053389.08,0.0,10325.28,0.0,-367166.1,0.0,9,61067.78,,0.0,0.076453,0.061975,0.0,0.0,2022 S2,2022
2022-11,Servicios profesionales,52,3.0,1.0,0.0,0.0,0.0,3353164.08,310275.0,0.0,0.0,0.0,-10500.0,10,64483.92,103425.0,0.02,0.077728,0.066697,0.157895,0.210395,2022 S2,2022
2022-12,Servicios profesionales,54,1.0,0.0,1.0,0.0,2.0,4645962.72,105000.0,0.0,1215564.0,-27765.36,0.0,11,86036.35,105000.0,0.0,0.077475,0.07444,0.038462,0.015984,2022 S2,2022
2023-01,Servicios profesionales,56,4.0,2.0,0.0,3.0,2.0,3841978.56,116865.0,224700.0,0.0,-977864.16,-167685.0,12,68606.76,29216.25,0.037037,0.076398,0.068165,0.066667,0.031644,2023 S1,2023
2023-02,Servicios profesionales,60,4.0,1.0,1.0,3.0,1.0,3867478.65,89880.0,44820.09,84000.0,-151200.0,-42000.0,13,64457.98,22470.0,0.017857,0.078637,0.069661,0.133333,0.054738,2023 S1,2023
2023-03,Servicios profesionales,60,2.0,3.0,1.0,2.0,3.0,3650750.04,24150.0,12020.4,21000.0,-7199.01,-266700.0,14,60845.83,12075.0,0.05,0.075758,0.064397,0.052632,0.014348,2023 S1,2023
2023-04,Servicios profesionales,66,7.0,2.0,1.0,4.0,2.0,3772230.0,158550.0,38143.56,302400.0,-8013.6,-369600.0,15,57155.0,22650.0,0.033333,0.080292,0.062784,0.137255,0.054921,2023 S1,2023
2023-05,Servicios profesionales,72,3.0,0.0,3.0,9.0,7.0,4640382.81,308700.0,79042.95,823637.22,-343227.36,0.0,16,64449.76,102900.0,0.0,0.083624,0.074818,0.06383,0.154655,2023 S1,2023
2023-06,Servicios profesionales,69,2.0,5.0,0.0,6.0,4.0,4029060.84,69300.0,92953.77,0.0,-537600.0,-235975.74,17,58392.19,34650.0,0.069444,0.076752,0.064971,0.043478,0.03181,2023 S1,2023
2023-07,Servicios profesionales,72,5.0,3.0,1.0,1.0,3.0,3939853.26,148050.0,21000.0,23370.9,-46008.48,-235620.0,18,54720.18,29610.0,0.043478,0.075078,0.061106,0.076923,0.058458,2023 S2,2023
2023-08,Servicios profesionales,79,6.0,3.0,4.0,4.0,1.0,4339145.37,145950.0,22335.18,378000.0,-33322.17,-113670.9,19,54925.89,24325.0,0.041667,0.077375,0.063698,0.090909,0.048762,2023 S2,2023
2023-09,Servicios profesionales,88,9.0,0.0,0.0,1.0,2.0,4579473.78,220078.53,29400.0,0.0,-9150.12,0.0,20,52039.47,24453.17,0.0,0.081633,0.06613,0.160714,0.097659,2023 S2,2023
2023-10,Servicios profesionales,96,8.0,0.0,0.0,3.0,2.0,4944073.47,386400.0,10539.69,0.0,-32340.0,0.0,21,51500.77,48300.0,0.0,0.084731,0.068806,0.125,0.130455,2023 S2,2023
2023-11,Servicios profesionales,104,8.0,1.0,1.0,8.0,0.0,5246384.43,142806.93,304404.03,6300.0,0.0,-151200.0,22,50446.0,17850.87,0.010417,0.086451,0.068246,0.111111,0.043563,2023 S2,2023
2023-12,Servicios profesionales,104,3.0,3.0,0.0,1.0,2.0,4720063.74,39900.0,3811.08,0.0,-34531.77,-535500.0,23,45385.23,13300.0,0.028846,0.083803,0.060577,0.054545,0.013018,2023 S2,2023
2024-01,Servicios profesionales,104,0.0,2.0,2.0,7.0,2.0,4712092.77,0.0,57895.53,15036.0,-43102.5,-37800.0,24,45308.58,,0.019231,0.08106,0.061591,0.0,0.0,2024 S1,2024
2024-02,Servicios profesionales,105,1.0,0.0,0.0,0.0,7.0,4672397.1,38850.0,0.0,0.0,-78545.67,0.0,25,44499.02,38850.0,0.0,0.081269,0.061777,0.03125,0.030176,2024 S1,2024
2024-03,Servicios profesionales,107,2.0,1.0,1.0,3.0,0.0,5678332.38,342342.0,663593.28,6300.0,0.0,-6300.0,26,53068.53,171171.0,0.009524,0.081061,0.072763,0.046512,0.126447,2024 S1,2024
2024-04,Servicios profesionales,113,8.0,2.0,0.0,3.0,2.0,6248892.09,262500.0,524485.71,0.0,-142926.0,-73500.0,27,55299.93,32812.5,0.018692,0.080888,0.074285,0.115942,0.062655,2024 S1,2024
2024-05,Servicios profesionales,121,8.0,2.0,2.0,7.0,4.0,5705723.52,470820.0,73773.63,90300.0,-676162.2,-501900.0,28,47154.74,58852.5,0.017699,0.083047,0.066615,0.121212,0.118158,2024 S1,2024
2024-06,Servicios profesionales,123,8.0,6.0,0.0,2.0,6.0,5602801.68,332850.0,39879.0,0.0,-93849.21,-381801.63,29,45551.23,41606.25,0.049587,0.080392,0.062188,0.095238,0.071896,2024 S1,2024
2024-07,Servicios profesionales,131,6.0,0.0,2.0,9.0,4.0,6046985.07,255150.0,246762.39,18900.0,-76629.0,0.0,30,46160.19,42525.0,0.0,0.083653,0.067614,0.125,0.107261,2024 S2,2024
2024-08,Servicios profesionales,132,5.0,4.0,0.0,11.0,8.0,5975932.2,164640.0,148939.35,0.0,-258632.22,-126000.0,31,45272.21,32928.0,0.030534,0.082397,0.065534,0.089286,0.078741,2024 S2,2024
2024-09,Servicios profesionales,136,5.0,3.0,2.0,0.0,7.0,5927409.39,172830.0,0.0,18316.41,-32901.12,-206768.1,32,43583.89,34566.0,0.022727,0.082675,0.063967,0.102041,0.072529,2024 S2,2024
2024-10,Servicios profesionales,140,5.0,4.0,3.0,4.0,4.0,6433848.75,161700.0,20294.4,457636.2,-53274.69,-79916.55,33,45956.06,32340.0,0.029412,0.083433,0.066323,0.1,0.073455,2024 S2,2024
2022-01,Salud,34,,,,,,3049839.03,,,,,,0,89701.15,,,0.090186,0.087137,,,2022 S1,2022
2022-02,Salud,36,6.0,4.0,0.0,2.0,1.0,3158644.23,410515.56,89796.0,0.0,-14700.0,-376806.36,1,87740.12,68419.26,0.117647,0.078775,0.072085,0.055556,0.036827,2022 S1,2022
2022-03,Salud,40,3.0,1.0,2.0,1.0,5.0,3451446.81,214200.0,79800.0,217206.36,-203703.78,-14700.0,2,86286.17,71400.0,0.027778,0.085653,0.087278,0.1,0.077038,2022 S1,2022
2022-04,Salud,38,2.0,5.0,1.0,3.0,2.0,2987835.27,84000.0,40845.0,14700.0,-83822.55,-519333.99,3,78627.24,42000.0,0.125,0.076152,0.061233,0.105263,0.02113,2022 S1,2022
2022-05,Salud,42,2.0,2.0,4.0,6.0,1.0,3845731.68,154350.0,457101.54,459627.63,-7245.0,-205937.76,4,91565.04,77175.0,0.052632,0.078947,0.078008,0.052632,0.026187,2022 S1,2022
2022-06,Salud,36,3.0,9.0,0.0,0.0,2.0,2706195.87,189000.0,0.0,0.0,-142249.8,-1186286.01,5,75172.11,63000.0,0.214286,0.069231,0.068433,0.090909,0.070681,2022 S1,2022
2022-07,Salud,45,2.0,0.0,7.0,3.0,0.0,3920194.95,68250.0,71190.0,1074559.08,0.0,0.0,6,87115.44,34125.0,0.0,0.076792,0.079391,0.0625,0.012445,2022 S2,2022
2022-08,Salud,49,2.0,0.0,2.0,0.0,5.0,3981072.69,168000.0,0.0,378000.0,-485122.26,0.0,7,81246.38,84000.0,0.0,0.08046,0.072264,0.076923,0.065789,2022 S2,2022
2022-09,Salud,50,0.0,0.0,1.0,3.0,1.0,4985817.69,0.0,164745.0,1008000.0,-168000.0,0.0,8,99716.35,,0.0,0.079491,0.0988,0.0,0.0,2022 S2,2022
2022-10,Salud,54,5.0,1.0,0.0,0.0,5.0,4059822.69,267750.0,0.0,0.0,-1109745.0,-84000.0,9,75181.9,53550.0,0.02,0.082569,0.082402,0.15625,0.118881,2022 S2,2022
2022-11,Salud,56,2.0,1.0,1.0,2.0,1.0,4279131.57,168000.0,30240.0,168000.0,-10500.0,-136431.12,10,76413.06,84000.0,0.018519,0.083707,0.085116,0.105263,0.11392,2022 S2,2022
2022-12,Salud,56,0.0,0.0,0.0,3.0,1.0,4515780.57,0.0,320649.0,0.0,-84000.0,0.0,11,80638.94,,0.0,0.080344,0.072354,0.0,0.0,2022 S2,2022
2023-01,Salud,56,2.0,2.0,0.0,1.0,2.0,4256922.81,66150.0,6288.24,0.0,-163296.0,-168000.0,12,76016.48,33075.0,0.035714,0.076398,0.075527,0.033333,0.017912,2023 S1,2023
2023-02,Salud,59,3.0,0.0,0.0,1.0,2.0,4388808.06,147000.0,1316.49,0.0,-16431.24,0.0,13,74386.58,49000.0,0.0,0.077326,0.079051,0.1,0.089526,2023 S1,2023
2023-03,Salud,61,2.0,0.0,0.0,2.0,0.0,4482306.57,84000.0,9498.51,0.0,0.0,0.0,14,73480.44,42000.0,0.0,0.07702,0.079066,0.052632,0.049906,2023 S1,2023
2023-04,Salud,61,3.0,3.0,0.0,8.0,3.0,4530921.15,212625.0,182925.96,0.0,-41108.97,-305827.41,15,74277.4,70875.0,0.04918,0.074209,0.075411,0.058824,0.073652,2023 S1,2023
2023-05,Salud,65,2.0,0.0,2.0,4.0,8.0,4905351.99,159599.58,16524.06,447343.89,-249036.69,0.0,16,75466.95,79799.79,0.0,0.075494,0.07909,0.042553,0.079958,2023 S1,2023
2023-06,Salud,68,6.0,3.0,0.0,1.0,3.0,4863454.47,382200.0,175.56,0.0,-238423.08,-185850.0,17,71521.39,63700.0,0.046154,0.07564,0.078426,0.130435,0.175439,2023 S1,2023
2023-07,Salud,75,4.0,0.0,3.0,4.0,0.0,5474784.0,287700.0,74779.53,248850.0,0.0,0.0,18,72997.12,71925.0,0.0,0.078206,0.084912,0.061538,0.113599,2023 S2,2023
2023-08,Salud,80,4.0,0.0,1.0,3.0,3.0,5859649.32,289800.0,86161.32,115500.0,-106596.0,0.0,19,73245.62,72450.0,0.0,0.078355,0.086019,0.060606,0.096822,2023 S2,2023
2023-09,Salud,80,0.0,0.0,0.0,3.0,2.0,5784619.05,0.0,10166.73,0.0,-85197.0,0.0,20,72307.74,,0.0,0.074212,0.083533,0.0,0.0,2023 S2,2023
2023-10,Salud,81,3.0,2.0,0.0,4.0,2.0,6209891.1,509250.0,129915.24,0.0,-9534.0,-204359.19,21,76665.32,169750.0,0.025,0.071492,0.086422,0.046875,0.171931,2023 S2,2023
2023-11,Salud,83,5.0,4.0,1.0,2.0,3.0,6390150.27,268107.0,6841.8,231000.0,-176400.0,-149289.63,22,76989.76,53621.4,0.049383,0.068994,0.083124,0.069444,0.081785,2023 S2,2023
2023-12,Salud,86,3.0,0.0,0.0,6.0,2.0,7441533.96,178500.0,988459.92,0.0,-115576.23,0.0,23,86529.46,59500.0,0.0,0.069299,0.095505,0.054545,0.058239,2023 S2,2023
2024-01,Salud,88,4.0,2.0,0.0,7.0,2.0,6837791.31,155400.0,122587.08,0.0,-785400.0,-96329.73,24,77702.17,38850.0,0.023256,0.068589,0.089376,0.070175,0.067163,2024 S1,2024
2024-02,Salud,91,6.0,4.0,1.0,4.0,7.0,6631120.23,294000.0,12005.7,92400.0,-309837.15,-295239.63,25,72869.45,49000.0,0.045455,0.070433,0.087675,0.1875,0.228356,2024 S1,2024
2024-03,Salud,97,7.0,3.0,2.0,4.0,1.0,7450372.23,596400.0,138992.28,409500.0,-60900.0,-264740.28,26,76807.96,85200.0,0.032967,0.073485,0.09547,0.162791,0.220286,2024 S1,2024
2024-04,Salud,105,5.0,0.0,3.0,0.0,11.0,8397662.7,352905.0,0.0,1157668.89,-563283.42,0.0,27,79977.74,70581.0,0.0,0.075161,0.099829,0.072464,0.084234,2024 S1,2024
2024-05,Salud,108,3.0,1.0,1.0,3.0,4.0,7840068.81,142800.0,43134.84,77559.72,-783288.45,-37800.0,28,72593.23,47600.0,0.009524,0.074125,0.091534,0.045455,0.035837,2024 S1,2024
2024-06,Salud,113,6.0,1.0,0.0,4.0,3.0,7988184.33,265650.0,16760.94,0.0,-68365.5,-65929.92,29,70691.9,44275.0,0.009259,0.073856,0.088664,0.071429,0.057381,2024 S1,2024
2024-07,Salud,116,3.0,1.0,1.0,3.0,3.0,8174236.98,204750.0,9786.0,139632.99,-79916.34,-88200.0,30,70467.56,68250.0,0.00885,0.074074,0.0914,0.0625,0.086074,2024 S2,2024
2024-08,Salud,116,4.0,4.0,0.0,5.0,5.0,7872264.33,170099.79,19129.74,0.0,-256747.26,-234454.92,31,67864.35,42524.95,0.034483,0.072409,0.086329,0.071429,0.081352,2024 S2,2024
2024-09,Salud,119,3.0,2.0,2.0,6.0,4.0,7934144.4,192150.0,85257.9,69115.2,-9543.03,-275100.0,32,66673.48,64050.0,0.017241,0.07234,0.085623,0.061224,0.080637,2024 S2,2024
2024-10,Salud,124,5.0,3.0,3.0,10.0,5.0,8558457.39,172200.0,149497.74,491400.0,-18684.96,-170099.79,33,69019.82,34440.0,0.02521,0.073897,0.088225,0.1,0.078225,2024 S2,2024
