year,industry,months,period,active_customers_end,mrr_end_cop,arpa_end_cop,new_customers,new_mrr_cop,new_mrr_per_new_customer_cop,churned_customers,avg_monthly_logo_churn_rate,reactivated_customers,expansion_mrr_cop,contraction_mrr_cop,churned_mrr_cop,share_active_end,share_mrr_end,share_new_customers,share_new_mrr
2022,Producción,10,2022-03..2022-12,169,12268521.09,72594.8,70,6441554.07,92022.2,47,0.034584,36,2197401.57,-7802608.59,-3962233.8,0.242468,0.196573,0.257353,0.184018
2022,Restaurantes,10,2022-03..2022-12,196,24575781.3,125386.64,78,13548041.64,173692.84,55,0.034943,50,3365396.58,-16246408.29,-14133893.34,0.281205,0.393767,0.286765,0.387032
2022,Retail,10,2022-03..2022-12,115,7006886.46,60929.45,49,4950953.07,101039.86,30,0.032258,21,988746.57,-4065763.59,-2461056.15,0.164993,0.112268,0.180147,0.141436
2022,Salud,10,2022-03..2022-12,56,4515780.57,80638.94,21,1313550.0,62550.0,19,0.042601,18,1164570.54,-2294388.39,-2146688.88,0.080344,0.072354,0.077206,0.037525
2022,Servicios profesionales,10,2022-03..2022-12,54,4645962.72,86036.35,17,1359225.0,79954.41,17,0.039906,18,608816.88,-2400821.22,-1435026.6,0.077475,0.07444,0.0625,0.038829
2022,Tecnología,10,2022-03..2022-12,107,9399039.51,87841.49,37,7391643.0,199774.14,30,0.033822,23,2983154.79,-6973924.23,-5432385.63,0.153515,0.150597,0.136029,0.21116
2023,Producción,12,2023-01..2023-12,302,18297372.87,60587.33,155,9091732.65,58656.34,55,0.020992,33,3548028.33,-7200234.93,-4361310.03,0.243352,0.234829,0.238462,0.291738
2023,Restaurantes,12,2023-01..2023-12,335,26628030.03,79486.66,164,8463420.84,51606.22,68,0.022644,43,6353295.27,-12151828.29,-8507415.84,0.269944,0.341744,0.252308,0.271576
2023,Retail,12,2023-01..2023-12,258,9634193.52,37341.84,169,5565881.79,32934.21,47,0.022097,21,1303126.44,-2673045.9,-2752192.38,0.207897,0.123645,0.26,0.178599
2023,Salud,12,2023-01..2023-12,86,7441533.96,86529.46,37,2584931.58,69863.02,14,0.01697,7,1513053.36,-1201599.21,-1013326.23,0.069299,0.095505,0.056923,0.082946
2023,Servicios profesionales,12,2023-01..2023-12,104,4720063.74,45385.23,61,1850630.46,30338.2,23,0.026256,12,883170.75,-2180456.67,-2117951.64,0.083803,0.060577,0.093846,0.059384
2023,Tecnología,12,2023-01..2023-12,156,11196811.08,71774.43,64,3607449.93,56366.41,39,0.025828,24,1378866.3,-2734940.88,-6936196.68,0.125705,0.1437,0.098462,0.115757
2024,Producción,10,2024-01..2024-10,389,22936660.11,58963.14,113,5739676.32,50793.6,59,0.017373,33,2909337.69,-4215983.52,-5116935.18,0.231824,0.236442,0.203971,0.203777
2024,Restaurantes,10,2024-01..2024-10,459,31319474.13,68234.15,153,9160952.43,59875.51,73,0.018402,44,4880641.5,-6309263.73,-7446863.76,0.27354,0.322856,0.276173,0.325244
2024,Retail,10,2024-01..2024-10,360,12475484.91,34654.12,133,4901735.16,36855.15,64,0.021355,33,2082777.48,-3937713.99,-1800060.78,0.214541,0.128603,0.240072,0.174028
2024,Salud,10,2024-01..2024-10,124,8558457.39,69019.82,46,2546354.79,55355.54,21,0.020212,13,597152.22,-2935966.11,-1527894.27,0.073897,0.088225,0.083032,0.090404
2024,Servicios profesionales,10,2024-01..2024-10,140,6433848.75,45956.06,48,2201682.0,45868.38,24,0.020408,12,1775623.29,-1456022.61,-1413986.28,0.083433,0.066323,0.086643,0.078167
2024,Tecnología,10,2024-01..2024-10,206,15283521.54,74191.85,61,3616016.67,59278.96,38,0.021615,27,1310682.03,-2675382.99,-5471992.47,0.122765,0.15755,0.110108,0.12838
