half,industry,new_customers,new_mrr_cop,churned_customers,reactivated_customers,expansion_mrr_cop,contraction_mrr_cop,churned_mrr_cop,reactivation_mrr_cop,new_mrr_per_new_customer_cop,share_new_customers,share_new_mrr
2022 H1,Producción,32.0,3344775.0,30.0,15.0,1141421.19,-3101822.43,-2664789.75,1699273.38,104524.22,0.266667,0.218271
2022 H1,Restaurantes,35.0,3354263.64,33.0,20.0,1520953.35,-7223197.17,-9704205.84,8318417.52,95836.1,0.291667,0.21889
2022 H1,Retail,22.0,3341303.07,20.0,14.0,480046.35,-2784206.67,-1383126.15,1229948.79,151877.41,0.183333,0.218045
2022 H1,Salud,10.0,641550.0,17.0,7.0,577746.54,-437021.13,-1926257.76,691533.99,64155.0,0.083333,0.041866
2022 H1,Servicios profesionales,4.0,323400.0,14.0,9.0,479453.94,-1188216.12,-1107360.66,799279.32,80850.0,0.033333,0.021104
2022 H1,Tecnología,17.0,4318650.0,21.0,13.0,953978.97,-2954735.7,-4630547.46,1616178.48,254038.24,0.141667,0.281824
2022 H2,Producción,38.0,3096779.07,17.0,21.0,1055980.38,-4700786.16,-1297444.05,4096798.23,81494.19,0.25,0.157348
2022 H2,Restaurantes,43.0,10193778.0,22.0,30.0,1844443.23,-9023211.12,-4429687.5,14518019.04,237064.6,0.282895,0.51795
2022 H2,Retail,27.0,1609650.0,10.0,7.0,508700.22,-1281556.92,-1077930.0,1978368.0,59616.67,0.177632,0.081787
2022 H2,Salud,11.0,672000.0,2.0,11.0,586824.0,-1857367.26,-220431.12,2628559.08,61090.91,0.072368,0.034145
2022 H2,Servicios profesionales,13.0,1035825.0,3.0,9.0,129362.94,-1212605.1,-327665.94,2426480.91,79678.85,0.085526,0.052631
2022 H2,Tecnología,20.0,3072993.0,9.0,10.0,2029175.82,-4019188.53,-801838.17,1632750.0,153649.65,0.131579,0.15614
2023 H1,Producción,55.0,4000416.0,26.0,13.0,2121916.65,-4349741.34,-2059557.99,1928966.13,72734.84,0.202206,0.284127
2023 H1,Restaurantes,68.0,3549945.0,36.0,16.0,3406915.47,-7970570.16,-5091826.95,3026114.28,52205.07,0.25,0.252132
2023 H1,Retail,77.0,2771790.0,22.0,12.0,584515.68,-955591.35,-2082079.23,887739.72,35997.27,0.283088,0.196865
2023 H1,Salud,18.0,1051574.58,8.0,2.0,216728.82,-708295.98,-659677.41,447343.89,58420.81,0.066176,0.074687
2023 H1,Servicios profesionales,22.0,767445.0,13.0,6.0,491680.77,-2025104.13,-1081960.74,1231037.22,34883.86,0.080882,0.054507
2023 H1,Tecnología,32.0,1938510.0,24.0,10.0,626870.16,-1511017.2,-4959398.64,4006956.03,60578.44,0.117647,0.137681
2023 H2,Producción,100.0,5091316.65,29.0,20.0,1426111.68,-2850493.59,-2301752.04,3021669.63,50913.17,0.26455,0.29801
2023 H2,Restaurantes,96.0,4913475.84,32.0,27.0,2946379.8,-4181258.13,-3415588.89,4868662.47,51182.04,0.253968,0.287601
2023 H2,Retail,92.0,2794091.79,25.0,9.0,718610.76,-1717454.55,-670113.15,295797.39,30370.56,0.243386,0.163547
2023 H2,Salud,19.0,1533357.0,6.0,5.0,1296324.54,-493303.23,-353648.82,595350.0,80703.0,0.050265,0.089752
2023 H2,Servicios profesionales,39.0,1083185.46,10.0,6.0,391489.98,-155352.54,-1035990.9,407670.9,27773.99,0.103175,0.063402
2023 H2,Tecnología,32.0,1668939.93,15.0,14.0,751996.14,-1223923.68,-1976798.04,2475636.87,52154.37,0.084656,0.097688
2024 H1,Producción,73.0,3873447.9,40.0,22.0,741714.12,-2128960.47,-3704342.88,3156452.04,53060.93,0.207977,0.202666
2024 H1,Restaurantes,103.0,6043780.05,36.0,28.0,2268123.9,-4184116.65,-4355105.37,2802209.76,58677.48,0.293447,0.316221
2024 H1,Retail,81.0,3550606.29,45.0,26.0,941055.99,-2373209.16,-1216158.09,1202903.52,43834.65,0.230769,0.185774
2024 H1,Salud,31.0,1807155.0,11.0,7.0,333480.84,-2571074.52,-760039.56,1737128.61,58295.32,0.088319,0.094554
2024 H1,Servicios profesionales,27.0,1447362.0,13.0,5.0,1359627.15,-1034585.58,-1001301.63,111636.0,53606.0,0.076923,0.075729
2024 H1,Tecnología,36.0,2390141.67,22.0,17.0,819185.43,-1549840.74,-1638899.22,4108607.79,66392.82,0.102564,0.125057
2024 H2,Producción,40.0,1866228.42,19.0,11.0,2167623.57,-2087023.05,-1412592.3,2166739.89,46655.71,0.197044,0.206124
2024 H2,Restaurantes,50.0,3117172.38,37.0,16.0,2612517.6,-2125147.08,-3091758.39,1603767.9,62343.45,0.246305,0.34429
2024 H2,Retail,52.0,1351128.87,19.0,7.0,1141721.49,-1564504.83,-583902.69,391650.0,25983.25,0.256158,0.149231
2024 H2,Salud,15.0,739199.79,10.0,6.0,263671.38,-364891.59,-767854.71,700148.19,49279.99,0.073892,0.081644
2024 H2,Servicios profesionales,21.0,754320.0,11.0,7.0,415996.14,-421437.03,-412684.65,494852.61,35920.0,0.103448,0.083314
2024 H2,Tecnología,25.0,1225875.0,16.0,10.0,491496.6,-1125542.25,-3833093.25,3198779.43,49035.0,0.123153,0.135397
