spend,outcome,lag_months,transform,window,n,pearson_r,pearson_p,spearman_rho,spearman_p
Paid Media,New customers,0,levels,2022-02..2024-10,33,-0.480523,0.004649,-0.534543,0.001353
Paid Media,New customers,0,mom_change,2022-03..2024-10,32,0.012033,0.947887,-0.007891,0.965812
Paid Media,New customers,1,levels,2022-02..2024-10,33,-0.431156,0.012242,-0.52643,0.001649
Paid Media,New customers,1,mom_change,2022-03..2024-10,32,-0.094052,0.608646,0.014497,0.937234
Paid Media,New customers,2,levels,2022-03..2024-10,32,-0.385879,0.029162,-0.42211,0.016106
Paid Media,New customers,2,mom_change,2022-04..2024-10,31,0.147216,0.429351,0.089432,0.632342
Paid Media,New customers,3,levels,2022-04..2024-10,31,-0.340607,0.060794,-0.322434,0.076885
Paid Media,New customers,3,mom_change,2022-05..2024-10,30,-0.129058,0.496697,-0.177565,0.347871
Paid Media,New MRR,0,levels,2022-02..2024-10,33,0.062472,0.729813,-0.079559,0.65986
Paid Media,New MRR,0,mom_change,2022-03..2024-10,32,-0.132934,0.468267,-0.105205,0.566613
Paid Media,New MRR,1,levels,2022-02..2024-10,33,0.088111,0.625837,-0.064516,0.721318
Paid Media,New MRR,1,mom_change,2022-03..2024-10,32,0.015051,0.934837,0.07588,0.679783
Paid Media,New MRR,2,levels,2022-03..2024-10,32,0.140358,0.443558,-0.046379,0.800995
Paid Media,New MRR,2,mom_change,2022-04..2024-10,31,0.078835,0.673349,0.041129,0.826121
Paid Media,New MRR,3,levels,2022-04..2024-10,31,0.100136,0.591976,-0.019964,0.91511
Paid Media,New MRR,3,mom_change,2022-05..2024-10,30,0.115163,0.544519,0.05406,0.776621
Demand Gen,New customers,0,levels,2022-02..2024-10,33,-0.478324,0.004868,-0.549971,0.000914
Demand Gen,New customers,0,mom_change,2022-03..2024-10,32,0.071907,0.695729,-0.038903,0.832582
Demand Gen,New customers,1,levels,2022-02..2024-10,33,-0.448381,0.00887,-0.539768,0.001187
Demand Gen,New customers,1,mom_change,2022-03..2024-10,32,-0.082165,0.65483,0.098908,0.590182
Demand Gen,New customers,2,levels,2022-03..2024-10,32,-0.437157,0.012354,-0.455738,0.00876
Demand Gen,New customers,2,mom_change,2022-04..2024-10,31,0.01245,0.947,-0.001615,0.99312
Demand Gen,New customers,3,levels,2022-04..2024-10,31,-0.349574,0.053895,-0.362059,0.045338
Demand Gen,New customers,3,mom_change,2022-05..2024-10,30,-0.090702,0.633596,-0.050351,0.791601
Demand Gen,New MRR,0,levels,2022-02..2024-10,33,0.071058,0.694352,-0.064678,0.720647
Demand Gen,New MRR,0,mom_change,2022-03..2024-10,32,-0.089083,0.627785,-0.16129,0.377837
Demand Gen,New MRR,1,levels,2022-02..2024-10,33,0.050584,0.779815,-0.111807,0.535609
Demand Gen,New MRR,1,mom_change,2022-03..2024-10,32,-0.020073,0.91317,0.099707,0.58717
Demand Gen,New MRR,2,levels,2022-03..2024-10,32,0.057466,0.754737,-0.118413,0.518623
Demand Gen,New MRR,2,mom_change,2022-04..2024-10,31,-0.103127,0.580903,-0.08871,0.635104
Demand Gen,New MRR,3,levels,2022-04..2024-10,31,0.135332,0.467912,-0.055449,0.767025
Demand Gen,New MRR,3,mom_change,2022-05..2024-10,30,0.265625,0.155986,0.265851,0.155621
Total S&M,New customers,0,levels,2022-02..2024-10,33,-0.47949,0.004751,-0.554886,0.000804
Total S&M,New customers,0,mom_change,2022-03..2024-10,32,0.141193,0.440822,0.175002,0.338064
Total S&M,New customers,1,levels,2022-02..2024-10,33,-0.496377,0.003302,-0.576389,0.000447
Total S&M,New customers,1,mom_change,2022-03..2024-10,32,-0.179049,0.326834,-0.102414,0.577009
Total S&M,New customers,2,levels,2022-03..2024-10,32,-0.41904,0.016978,-0.480224,0.005408
Total S&M,New customers,2,mom_change,2022-04..2024-10,31,-0.089491,0.632114,-0.019988,0.915007
Total S&M,New customers,3,levels,2022-04..2024-10,31,-0.260866,0.156356,-0.327983,0.071658
Total S&M,New customers,3,mom_change,2022-05..2024-10,30,0.137724,0.467985,0.142825,0.451498
Total S&M,New MRR,0,levels,2022-02..2024-10,33,0.023076,0.898572,-0.096472,0.593293
Total S&M,New MRR,0,mom_change,2022-03..2024-10,32,0.018609,0.919481,0.046379,0.800995
Total S&M,New MRR,1,levels,2022-02..2024-10,33,-0.094831,0.599624,-0.169871,0.344606
Total S&M,New MRR,1,mom_change,2022-03..2024-10,32,-0.277227,0.124507,-0.263245,0.145473
Total S&M,New MRR,2,levels,2022-03..2024-10,32,0.079507,0.665342,-0.124507,0.497172
Total S&M,New MRR,2,mom_change,2022-04..2024-10,31,0.182282,0.326369,0.272003,0.138796
Total S&M,New MRR,3,levels,2022-04..2024-10,31,0.057623,0.758157,-0.100454,0.590796
Total S&M,New MRR,3,mom_change,2022-05..2024-10,30,0.103185,0.5874,0.07765,0.683381
