comparison,industry,n0,n1,share0,share1,mean0,mean1,mix_contribution,within_contribution
2022 vs 2023,Restaurantes,78,164,0.286765,0.252308,173692.841538,51606.224634,-3881.566491,-32906.762681
2022 vs 2023,Producción,70,155,0.257353,0.238462,92022.201,58656.339677,-1423.264496,-8271.638585
2022 vs 2023,Retail,49,169,0.180147,0.26,101039.858571,32934.211775,5349.111779,-14988.250063
2022 vs 2023,Tecnología,37,64,0.136029,0.098462,199774.135135,56366.405156,-4811.327683,-16813.907436
2022 vs 2023,Servicios profesionales,17,61,0.0625,0.093846,79954.411765,30338.204262,1728.624655,-3878.651606
2022 vs 2023,Salud,21,37,0.077206,0.056923,62550.0,69863.015676,-1342.853717,490.443591
2023 vs 2024,Restaurantes,164,153,0.252308,0.276173,51606.224634,59875.506078,1330.2888,2185.07897
2023 vs 2024,Producción,155,113,0.238462,0.203971,58656.339677,50793.595752,-1887.487084,-1739.367345
2023 vs 2024,Retail,169,133,0.26,0.240072,32934.211775,36855.151579,-695.374162,980.376501
2023 vs 2024,Tecnología,64,61,0.098462,0.110108,56366.405156,59278.961803,673.447194,303.735739
2023 vs 2024,Servicios profesionales,61,48,0.093846,0.086643,30338.204262,45868.375,-274.479126,1401.510576
2023 vs 2024,Salud,37,46,0.056923,0.083032,69863.015676,55355.538913,1634.691544,-1015.201075
2022 vs 2024,Restaurantes,78,153,0.286765,0.276173,173692.841538,59875.506078,-1236.910314,-32036.051087
2022 vs 2024,Producción,70,113,0.257353,0.203971,92022.201,50793.595752,-3811.883724,-9509.873787
2022 vs 2024,Retail,49,133,0.180147,0.240072,101039.858571,36855.151579,4131.689125,-13485.82507
2022 vs 2024,Tecnología,37,61,0.136029,0.110108,199774.135135,59278.961803,-3357.471719,-17290.580467
2022 vs 2024,Servicios profesionales,17,48,0.0625,0.086643,79954.411765,45868.375,1518.84456,-2541.840061
2022 vs 2024,Salud,21,46,0.077206,0.083032,62550.0,55355.538913,343.494715,-576.414371
