comparison,variant,value_col,A0,A1,delta,mix,within,laspeyres_mix,laspeyres_within,laspeyres_interaction,counterfactual_A1_at_base_mix,n0,n1,mix_ci90_lo,mix_ci90_hi,within_ci90_lo,within_ci90_hi,within_share_ci90_lo,within_share_ci90_hi,within_share,mix_share
2022 vs 2023,Observed first-month MRR (M0) · primary,m0_cop,128694.730809,47944.688077,-80750.042732,-4381.275952,-76368.76678,-5922.550759,-77910.041587,3082.549615,50784.689222,272,650,-9284.333868,-126.624925,-102600.40124,-52317.903465,0.883598,0.998636,0.945743,0.054257
2022 vs 2023,M0 winsorised at P99,m0_winsor_cop,104309.577132,46668.612415,-57640.964717,-3632.035038,-54008.929679,-4525.162212,-54902.056853,1786.254347,49407.52028,272,650,-6469.625808,-1139.482416,-68316.635739,-40286.087809,0.88777,0.97937,0.936989,0.063011
2022 vs 2023,Early run-rate (median of positive M0–M2),early_run_rate_cop,87462.487721,44937.473054,-42525.014667,-3825.419894,-38699.594773,-4690.101377,-39564.276256,1729.362966,47898.211464,272,650,-7606.526817,-1093.536795,-55801.050937,-24322.702408,0.84224,0.970939,0.910043,0.089957
2023 vs 2024,Observed first-month MRR (M0) · primary,m0_cop,47944.688077,50841.90861,2897.220533,781.087166,2116.133367,814.250838,2149.297039,-66.327344,50093.985116,650,554,-266.803799,1885.372597,-3213.041488,6905.216922,-0.436507,1.913476,0.730401,0.269599
2023 vs 2024,M0 winsorised at P99,m0_winsor_cop,46668.612415,50841.90861,4173.296195,873.371198,3299.924996,998.818903,3425.372701,-250.895409,50093.985116,650,554,-119.93563,1936.39305,-1183.927307,7581.016065,-0.006116,1.37332,0.790724,0.209276
2023 vs 2024,Early run-rate (median of positive M0–M2),early_run_rate_cop,44937.473054,45447.42444,509.951387,914.555072,-404.603685,1066.632851,-252.525906,-304.155559,44684.947148,650,554,-56.537116,1937.293164,-4494.859057,3436.581059,-2.60582,3.842028,-0.793416,1.793416
2022 vs 2024,Observed first-month MRR (M0) · primary,m0_cop,128694.730809,50841.90861,-77852.822199,-2412.237356,-75440.584843,-3580.744046,-76609.091533,2337.013381,52085.639276,272,554,-7064.850268,1734.975304,-100859.293483,-51975.565525,0.911765,1.023351,0.969015,0.030985
2022 vs 2024,M0 winsorised at P99,m0_winsor_cop,104309.577132,50841.90861,-53467.668522,-2168.550223,-51299.118299,-3093.36978,-52223.937856,1849.639114,52085.639276,272,554,-5188.906557,418.670275,-64142.823271,-38198.648866,0.908673,1.008547,0.959442,0.040558
2022 vs 2024,Early run-rate (median of positive M0–M2),early_run_rate_cop,87462.487721,45447.42444,-42015.06328,-1513.373371,-40501.68991,-2116.506331,-41104.82287,1206.26592,46357.664851,272,554,-4937.134244,1202.403745,-57065.582442,-25060.310396,0.898905,1.032076,0.96398,0.03602
