month,month_label,month_index,window_flag,active_customers,new_customers,churned_customers,reactivated_customers,expanded_customers,contracted_customers,flat_customers,net_customer_adds,delta_active_customers,customer_bridge_diff,dormant_pool_prev,total_paid_mrr_cop,new_mrr_cop,expansion_mrr_cop,reactivation_mrr_cop,contraction_mrr_cop,churned_mrr_cop,net_mrr_change_cop,delta_mrr_cop,mrr_bridge_diff_cop,mrr_per_active_customer_cop,new_mrr_per_new_customer_cop,p25_new_customer_mrr_cop,median_new_customer_mrr_cop,p75_new_customer_mrr_cop,p90_new_customer_mrr_cop,logo_churn_rate,gross_mrr_churn_rate,contraction_rate,expansion_rate,reactivation_rate,net_mrr_retention_existing,quick_ratio,churn_events_returning_next_month,share_churn_returning_next_month,multi_month_payment_signatures,paid_media,travel,publicidad_no_web,freelance,software_tools,team,payroll_expenses,demand_gen_spend,sales_capacity_spend,enablement_spend,total_sm_spend,total_sm_ex_payroll,team_share_of_total_sm,total_sm_per_new_customer,total_sm_per_new_mrr_mm_cop,total_sm_per_new_customer_t3m,total_sm_per_new_mrr_mm_cop_t3m,demand_gen_per_new_customer,demand_gen_per_new_mrr_mm_cop,demand_gen_per_new_customer_t3m,demand_gen_per_new_mrr_mm_cop_t3m,paid_media_per_new_customer,paid_media_per_new_mrr_mm_cop,paid_media_per_new_customer_t3m,paid_media_per_new_mrr_mm_cop_t3m,new_customers_per_sm_unit,new_mrr_cop_per_sm_unit,new_customers_per_demand_gen_unit,new_mrr_cop_per_demand_gen_unit,efficiency_status,total_paid_mrr_cop_3m_avg,new_customers_3m_avg,new_mrr_cop_3m_avg,net_customer_adds_3m_avg,active_customers_3m_avg
2022-01,ene-22,0,left_censored_start,377,,,,,,,,,,0,35000308.35,,,,,,,,,92839.01,,,,,,,,,,,,,,,16,1.04,0.12,0.34,0.1,0.08,0.24,0.08,1.38,0.44,0.18,2.0,1.92,0.12,,,,,,,,,,,,,,,,,not_computable_new_customers_unidentifiable,,,,,
2022-02,feb-22,1,suspected_spillover,457,108.0,28.0,0.0,26.0,24.0,299.0,80.0,80.0,0.0,0,43818509.91,11147080.56,1323157.5,0.0,-1449323.4,-2202713.1,8818201.56,8818201.56,0.0,95882.95,103213.71,42000.0,73500.0,126000.0,201915.0,0.074271,0.062934,0.041409,0.037804,,0.933461,3.414598,16.0,0.571429,49,1.081,0.161,0.391,0.115,0.092,0.276,0.184,1.472,0.621,0.207,2.3,2.116,0.12,,,,,,,,,,,,,,,,,excluded_suspected_spillover,,,,,
2022-03,mar-22,2,clean,467,30.0,36.0,16.0,14.0,67.0,340.0,10.0,10.0,0.0,28,39545237.97,2780438.64,1298872.26,1767325.56,-5017159.98,-5102748.42,-4273271.94,-4273271.94,-0.0,84679.31,92681.29,53550.0,73237.5,91875.0,132300.0,0.078775,0.116452,0.114499,0.029642,0.571429,0.798692,0.577736,29.0,0.805556,20,1.081,0.161,0.276,0.115,0.138,0.276,0.253,1.357,0.69,0.253,2.3,2.047,0.12,0.076667,0.83,,,0.045233,0.49,,,0.036033,0.39,,,13.043478,1208886.37,22.10759,2048959.94,ok,39454685.41,,,,433.666667
2022-04,abr-22,3,clean,499,19.0,19.0,32.0,20.0,26.0,402.0,32.0,32.0,0.0,48,48794921.91,3975300.0,1006661.04,8794574.46,-2079954.45,-2446897.11,9249683.94,9249683.94,-0.0,97785.41,209226.32,11550.0,42000.0,136500.0,310800.0,0.040685,0.061876,0.052597,0.025456,0.666667,0.910983,3.043293,13.0,0.684211,20,1.222,0.141,0.4,0.141,0.118,0.282,0.047,1.622,0.47,0.259,2.351,2.304,0.119949,0.123737,0.59,,,0.085368,0.41,,,0.064316,0.31,,,8.081667,1690897.49,11.713933,2450863.13,ok,44052889.93,,,,474.333333
2022-05,may-22,4,clean,532,38.0,20.0,15.0,36.0,37.0,406.0,33.0,33.0,0.0,35,49299193.86,5894203.14,2277227.19,2217290.67,-6084725.01,-3799724.04,504271.95,504271.95,0.0,92667.66,155110.61,44625.0,63000.0,91875.0,216825.0,0.04008,0.077871,0.1247,0.046669,0.428571,0.844098,1.051017,11.0,0.55,29,1.35,0.189,0.324,0.189,0.081,0.324,0.243,1.674,0.756,0.27,2.7,2.457,0.12,0.071053,0.46,0.084494,0.58,0.044053,0.28,0.053483,0.37,0.035526,0.23,0.041989,0.29,14.074074,2183038.2,22.700119,3521029.35,ok,45879784.58,29.0,4216647.26,25.0,499.333333
2022-06,jun-22,5,clean,520,33.0,60.0,15.0,10.0,35.0,427.0,-12.0,-12.0,0.0,40,39545196.6,2673999.93,570839.85,1575440.79,-4507359.78,-10066918.05,-9753997.26,-9753997.26,0.0,76048.46,81030.3,23100.0,58800.0,73500.0,105000.0,0.112782,0.2042,0.091429,0.011579,0.375,0.71595,0.330739,43.0,0.716667,13,1.058,0.141,0.376,0.141,0.141,0.282,0.212,1.434,0.635,0.282,2.351,2.139,0.119949,0.071242,0.88,0.082244,0.59,0.043455,0.54,0.052556,0.38,0.032061,0.4,0.040333,0.29,14.03658,1137388.32,23.012552,1864714.04,ok,45879770.79,30.0,4181167.69,17.666667,517.0
2022-07,jul-22,6,clean,586,32.0,11.0,45.0,21.0,19.0,469.0,66.0,66.0,0.0,85,49378369.95,5484038.07,934477.11,6370908.6,-2077320.63,-878929.8,9833173.35,9833173.35,-0.0,84263.43,171376.19,28612.5,63000.0,131250.0,534450.0,0.021154,0.022226,0.05253,0.023631,0.529412,0.948874,4.326232,6.0,0.545455,25,0.88,0.132,0.308,0.198,0.132,0.264,0.286,1.188,0.682,0.33,2.2,1.914,0.12,0.06875,0.4,0.070398,0.52,0.037125,0.22,0.041709,0.31,0.0275,0.16,0.031922,0.23,14.545455,2492744.58,26.936027,4616193.66,ok,46074253.47,34.333333,4684080.38,29.0,546.0
2022-08,ago-22,7,clean,609,26.0,15.0,12.0,15.0,42.0,514.0,23.0,23.0,0.0,51,55090995.54,2553621.0,2195319.84,9600014.34,-4308861.48,-4327468.11,5712625.59,5712625.59,0.0,90461.4,98216.19,32025.0,63000.0,105000.0,162750.0,0.025597,0.087639,0.087262,0.044459,0.235294,0.869558,1.661465,7.0,0.466667,17,1.3,0.195,0.553,0.228,0.098,0.39,0.487,1.853,1.072,0.326,3.251,2.764,0.119963,0.125038,1.27,0.085736,0.73,0.071269,0.73,0.049176,0.42,0.05,0.51,0.035582,0.3,7.997539,785487.85,14.031301,1378100.92,ok,48004854.03,30.333333,3570553.0,25.666667,571.666667
2022-09,sep-22,8,clean,629,17.0,6.0,9.0,11.0,22.0,570.0,20.0,20.0,0.0,54,50463767.76,1347150.0,596889.93,3289916.91,-9289648.62,-571536.0,-4627227.78,-4627227.78,-0.0,80228.57,79244.12,39900.0,43050.0,63000.0,124740.0,0.009852,0.010374,0.168624,0.010835,0.166667,0.831836,0.530763,2.0,0.333333,11,1.505,0.245,0.63,0.28,0.14,0.42,0.28,2.135,0.945,0.42,3.5,3.22,0.12,0.205882,2.6,0.119347,0.95,0.125588,1.58,0.069013,0.55,0.088529,1.12,0.049133,0.39,4.857143,384900.0,7.962529,630983.61,ok,51644377.75,25.0,3128269.69,36.333333,608.0
2022-10,oct-22,9,clean,654,32.0,11.0,4.0,8.0,27.0,583.0,25.0,25.0,0.0,51,49268442.09,2252250.0,337104.6,875700.0,-3728576.04,-931804.23,-1195325.67,-1195325.67,-0.0,75334.01,70382.81,37012.5,63000.0,83475.0,107835.0,0.017488,0.018465,0.073886,0.00668,0.078431,0.914329,0.743513,5.0,0.454545,9,1.463,0.263,0.45,0.338,0.188,0.45,0.6,1.913,1.313,0.526,3.752,3.152,0.119936,0.11725,1.67,0.14004,1.71,0.059781,0.85,0.07868,0.96,0.045719,0.65,0.056907,0.69,8.528785,600279.85,16.727653,1177339.26,ok,51607735.13,25.0,2051007.0,22.666667,630.666667
2022-11,nov-22,10,clean,669,19.0,12.0,8.0,11.0,17.0,614.0,15.0,15.0,0.0,58,50274228.9,1474725.0,572913.39,1377600.0,-1598682.96,-820768.62,1005786.81,1005786.81,-0.0,75148.32,77617.11,35700.0,73500.0,96600.0,116655.0,0.018349,0.016659,0.032448,0.011628,0.137931,0.962521,1.415709,5.0,0.416667,6,1.5,0.21,0.42,0.27,0.09,0.36,0.15,1.92,0.72,0.36,3.0,2.85,0.12,0.157895,2.03,0.150765,2.02,0.101053,1.3,0.087765,1.18,0.078947,1.02,0.065706,0.88,6.333333,491575.0,9.895833,768085.94,ok,50002146.25,22.666667,1691375.0,20.0,650.666667
2022-12,dic-22,11,clean,697,26.0,8.0,10.0,24.0,15.0,622.0,28.0,28.0,0.0,62,62411971.65,6569241.0,1517781.72,5766835.41,-1091625.36,-624490.02,12137742.75,12137742.75,0.0,89543.72,252663.12,50925.0,81900.0,208950.0,733824.0,0.011958,0.012422,0.021713,0.03019,0.16129,0.996055,8.072801,3.0,0.375,17,1.3,0.195,0.52,0.228,0.098,0.39,0.52,1.82,1.105,0.326,3.251,2.731,0.119963,0.125038,0.49,0.129909,0.97,0.07,0.28,0.073416,0.55,0.05,0.2,0.055364,0.41,7.997539,2020683.17,14.285714,3609473.08,ok,53984880.88,25.666667,3432072.0,22.666667,673.333333
2023-01,ene-23,12,clean,733,60.0,29.0,5.0,18.0,29.0,621.0,36.0,36.0,0.0,60,56363068.02,3693081.0,1389156.09,878598.84,-6018452.58,-5991286.98,-6048903.63,-6048903.63,0.0,76893.68,61551.35,25200.0,42000.0,57225.0,74025.0,0.041607,0.095996,0.096431,0.022258,0.083333,0.829831,0.496333,6.0,0.206897,13,1.365,0.228,0.585,0.163,0.195,0.39,0.325,1.95,0.943,0.358,3.251,2.926,0.119963,0.054183,0.88,0.090495,0.81,0.0325,0.53,0.05419,0.48,0.02275,0.37,0.039667,0.35,18.45586,1135983.08,30.769231,1893887.69,ok,56349756.19,35.0,3912349.0,26.333333,699.666667
2023-02,feb-23,13,clean,763,30.0,10.0,10.0,21.0,27.0,675.0,30.0,30.0,0.0,84,55518865.5,1641990.0,1208518.08,1424970.33,-4177524.54,-942156.39,-844202.52,-844202.52,-0.0,72763.91,54733.0,26775.0,44100.0,71925.0,108150.0,0.013643,0.016716,0.074118,0.021442,0.119048,0.930608,0.835106,2.0,0.2,6,1.05,0.15,0.425,0.2,0.1,0.3,0.275,1.475,0.725,0.3,2.5,2.225,0.12,0.083333,1.52,0.077603,0.76,0.049167,0.9,0.045216,0.44,0.035,0.64,0.032026,0.31,12.0,656796.0,20.338983,1113213.56,ok,58097968.39,38.666667,3968104.0,31.333333,731.0
2023-03,mar-23,14,clean,792,38.0,13.0,4.0,26.0,25.0,699.0,29.0,29.0,0.0,84,56690874.03,1683150.0,686002.38,1389675.0,-1354823.82,-1231995.03,1172008.53,1172008.53,0.0,71579.39,44293.42,6300.0,28350.0,45675.0,102060.0,0.017038,0.022191,0.024403,0.012356,0.047619,0.965763,1.453069,5.0,0.384615,8,1.305,0.174,0.377,0.116,0.087,0.348,0.493,1.682,1.015,0.203,2.9,2.407,0.12,0.076316,1.72,0.067586,1.23,0.044263,1.0,0.039898,0.73,0.034342,0.78,0.029062,0.53,13.103448,580396.55,22.592152,1000683.71,ok,56190935.85,42.666667,2339407.0,31.666667,762.666667
2023-04,abr-23,15,clean,822,51.0,29.0,8.0,70.0,31.0,662.0,30.0,30.0,0.0,93,60082807.05,2886870.0,1524296.34,2836873.62,-1560747.51,-2295359.43,3391933.02,3391933.02,-0.0,73093.44,56605.29,23625.0,42000.0,69562.5,115500.0,0.036616,0.040489,0.027531,0.026888,0.086022,0.958868,1.879626,14.0,0.482759,9,1.387,0.177,0.354,0.177,0.148,0.354,0.354,1.741,0.885,0.325,2.951,2.597,0.119959,0.057863,1.02,0.070176,1.34,0.034137,0.6,0.04116,0.79,0.027196,0.48,0.031445,0.6,17.282277,978268.38,29.293509,1658167.72,ok,57430848.86,39.666667,2070670.0,29.666667,792.333333
2023-05,may-23,16,clean,861,47.0,25.0,17.0,76.0,68.0,653.0,39.0,39.0,0.0,114,62022100.56,1996049.58,1787021.88,3452733.9,-1529923.29,-3766588.56,1939293.51,1939293.51,0.0,72034.96,42469.14,19950.0,31500.0,52500.0,85679.87,0.030414,0.06269,0.025464,0.029743,0.149123,0.941589,1.366145,10.0,0.4,15,1.38,0.242,0.414,0.0,0.138,0.414,0.863,1.794,1.519,0.138,3.451,2.588,0.119965,0.073426,1.73,0.068397,1.42,0.03817,0.9,0.03836,0.79,0.029362,0.69,0.029941,0.62,13.619241,578397.44,26.198439,1112625.18,ok,59598593.88,45.333333,2188689.86,32.666667,825.0
2023-06,jun-23,17,clean,899,46.0,23.0,15.0,27.0,33.0,778.0,38.0,38.0,0.0,122,62013615.93,2178540.0,853632.78,1545305.58,-2878848.42,-1707114.57,-8484.63,-8484.63,0.0,68980.66,47359.57,21000.0,36750.0,63000.0,96600.0,0.026713,0.027524,0.046416,0.013763,0.122951,0.939823,0.99815,14.0,0.608696,8,0.828,0.126,0.252,0.072,0.072,0.412,0.038,1.08,0.576,0.144,1.8,1.762,0.228889,0.03913,0.83,0.056958,1.16,0.023478,0.5,0.032049,0.65,0.018,0.38,0.024965,0.51,25.555556,1210300.0,42.592593,2017166.67,ok,61372841.18,48.0,2353819.86,35.666667,860.666667
2023-07,jul-23,18,clean,959,65.0,25.0,20.0,26.0,26.0,822.0,60.0,60.0,0.0,130,64476189.96,2532600.0,455728.35,3623418.33,-1989781.08,-2159391.57,2462574.03,2462574.03,0.0,67232.73,38963.08,16800.0,33600.0,56700.0,78960.0,0.027809,0.034821,0.032086,0.007349,0.153846,0.940441,1.59351,9.0,0.36,10,0.683,0.123,0.28,0.0,0.07,0.415,0.18,0.963,0.718,0.07,1.751,1.571,0.237007,0.026938,0.69,0.044316,1.04,0.014815,0.38,0.024285,0.57,0.010508,0.27,0.018297,0.43,37.121645,1446373.5,67.497404,2629906.54,ok,62837302.15,52.666667,2235729.86,45.666667,906.333333
2023-08,ago-23,19,clean,1021,66.0,18.0,14.0,38.0,22.0,881.0,62.0,62.0,0.0,135,68120097.99,2993130.0,1508422.44,2485098.21,-1549085.79,-1793656.83,3643908.03,3643908.03,-0.0,66719.0,45350.45,21000.0,36750.0,51450.0,100800.0,0.01877,0.027819,0.024026,0.023395,0.103704,0.97155,2.090095,6.0,0.333333,10,0.4,0.066,0.176,0.0,0.033,0.416,0.009,0.576,0.491,0.033,1.1,1.091,0.378182,0.016667,0.37,0.026277,0.6,0.008727,0.19,0.014797,0.34,0.006061,0.13,0.010797,0.25,60.0,2721027.27,114.583333,5196406.25,ok,64869967.96,59.0,2568090.0,53.333333,959.666667
2023-09,sep-23,20,clean,1078,56.0,15.0,16.0,30.0,34.0,942.0,57.0,57.0,0.0,139,69249404.07,2253550.32,452027.1,1790365.92,-2234469.09,-1132168.17,1129306.08,1129306.08,0.0,64238.78,40241.97,21000.0,31500.0,53025.0,81060.0,0.014691,0.01662,0.032802,0.006636,0.115108,0.957214,1.33544,5.0,0.333333,15,0.513,0.075,0.163,0.0,0.038,0.419,0.044,0.676,0.538,0.038,1.252,1.208,0.334665,0.022357,0.56,0.021941,0.53,0.012071,0.3,0.011845,0.28,0.009161,0.23,0.008535,0.21,44.728435,1799960.32,82.840237,3333654.32,ok,67281897.34,62.333333,2593093.44,59.666667,1019.333333
2023-10,oct-23,21,clean,1133,64.0,19.0,10.0,44.0,32.0,983.0,55.0,55.0,0.0,138,71855032.83,2961945.0,1038631.65,1322437.2,-1672858.95,-1044526.14,2605628.76,2605628.76,0.0,63420.15,46280.39,17850.0,31500.0,54600.0,86940.0,0.017625,0.015084,0.024157,0.014998,0.072464,0.975758,1.958874,6.0,0.315789,10,0.554,0.081,0.216,0.0,0.054,0.423,0.023,0.77,0.527,0.054,1.351,1.328,0.313101,0.021109,0.46,0.019909,0.45,0.012031,0.26,0.010871,0.25,0.008656,0.19,0.007887,0.18,47.372317,2192409.33,83.116883,3846681.82,ok,69741511.63,62.0,2736208.44,58.0,1077.333333
2023-11,nov-23,22,clean,1203,72.0,15.0,13.0,58.0,18.0,1042.0,70.0,70.0,0.0,147,76874755.02,3278191.35,2317474.32,1566600.0,-1443945.3,-698598.18,5019722.19,5019722.19,0.0,63902.54,45530.44,15923.25,31500.0,52500.0,84000.0,0.013239,0.009722,0.020095,0.032252,0.088435,1.002434,3.34288,3.0,0.2,18,0.598,0.078,0.156,0.0,0.052,0.432,-0.016,0.754,0.494,0.052,1.3,1.316,0.332308,0.018056,0.4,0.020328,0.46,0.010472,0.23,0.011458,0.26,0.008306,0.18,0.008672,0.2,55.384615,2521685.65,95.490716,4347733.89,ok,72659730.64,64.0,2831228.89,60.666667,1138.0
2023-12,dic-23,23,clean,1241,55.0,25.0,8.0,58.0,33.0,1087.0,38.0,38.0,0.0,149,77918005.2,3064950.0,1758629.04,876867.6,-1731645.51,-2925550.95,1043250.18,1043250.18,-0.0,62786.47,55726.36,25200.0,37800.0,54600.0,79800.0,0.020781,0.038056,0.022526,0.022877,0.053691,0.962295,1.224008,16.0,0.64,5,0.675,0.09,0.255,0.0,0.09,0.443,-0.053,0.93,0.48,0.09,1.5,1.553,0.295333,0.027273,0.49,0.021733,0.45,0.016909,0.3,0.012848,0.26,0.012273,0.22,0.009565,0.2,36.666667,2043300.0,59.139785,3295645.16,ok,75549264.35,63.666667,3101695.45,54.333333,1192.333333
2024-01,ene-24,24,clean,1283,57.0,32.0,17.0,62.0,32.0,1115.0,42.0,42.0,0.0,166,76506001.95,2313787.98,945732.69,1130465.07,-2161808.88,-3640180.11,-1412003.25,-1412003.25,-0.0,59630.55,40592.77,27300.0,42000.0,52500.0,63000.0,0.025786,0.046718,0.027745,0.012138,0.10241,0.937675,0.756635,14.0,0.4375,8,0.703,0.13,0.333,0.0,0.074,0.442,0.169,1.036,0.741,0.074,1.851,1.682,0.23879,0.032474,0.8,0.025277,0.54,0.018175,0.45,0.014783,0.31,0.012333,0.3,0.010739,0.23,30.794165,1250020.52,55.019305,2233386.08,ok,77099587.39,61.333333,2885643.11,50.0,1242.333333
2024-02,feb-24,25,clean,1292,32.0,37.0,14.0,40.0,33.0,1173.0,9.0,9.0,0.0,181,75633087.18,1287465.9,858304.02,1756347.81,-1595755.98,-3179276.52,-872914.77,-872914.77,-0.0,58539.54,40233.31,25200.0,37800.0,52500.0,72450.0,0.028839,0.041556,0.020858,0.011219,0.077348,0.948805,0.817192,9.0,0.243243,10,1.02,0.12,0.3,0.0,0.12,0.443,-0.003,1.32,0.56,0.12,2.0,2.003,0.2215,0.0625,1.55,0.03716,0.8,0.04125,1.03,0.022819,0.49,0.031875,0.79,0.016653,0.36,16.0,643732.95,24.242424,975352.95,ok,76685698.11,48.0,2222067.96,29.666667,1272.0
2024-03,mar-24,26,clean,1320,43.0,30.0,15.0,19.0,23.0,1220.0,28.0,28.0,0.0,204,78038810.01,2707393.29,1199441.04,1504466.25,-1246638.54,-1758939.21,2405722.83,2405722.83,-0.0,59120.31,62962.63,22905.75,49350.0,64575.0,106680.0,0.02322,0.023256,0.016483,0.015859,0.073529,0.97612,1.800419,14.0,0.466667,14,0.875,0.105,0.298,0.0,0.088,0.432,-0.047,1.173,0.49,0.088,1.751,1.798,0.246716,0.040721,0.65,0.042439,0.89,0.027279,0.43,0.026735,0.56,0.020349,0.32,0.019682,0.41,24.557396,1546198.34,36.658142,2308093.17,ok,76725966.38,44.0,2102882.39,26.333333,1298.333333
2024-04,abr-24,27,clean,1397,69.0,18.0,26.0,22.0,40.0,1240.0,77.0,77.0,0.0,219,84120683.85,4189594.29,1231150.41,3469769.1,-1902571.02,-906068.94,6081873.84,6081873.84,0.0,60215.24,60718.76,31500.0,50400.0,63000.0,95970.0,0.013636,0.01161,0.02438,0.015776,0.118721,0.979786,3.165416,7.0,0.388889,34,1.035,0.135,0.293,0.0,0.068,0.442,0.278,1.328,0.855,0.068,2.251,1.973,0.196357,0.032623,0.54,0.041681,0.73,0.019246,0.32,0.026535,0.47,0.015,0.25,0.020347,0.36,30.653043,1861214.7,51.957831,3154814.98,ok,79264193.68,48.0,2728151.16,38.0,1336.333333
2024-05,may-24,28,clean,1457,66.0,22.0,16.0,52.0,55.0,1268.0,60.0,60.0,0.0,211,85651681.29,3984671.67,1223096.7,1678465.32,-3835044.78,-1520191.47,1530997.44,1530997.44,-0.0,58786.33,60373.81,27825.0,40950.0,58275.0,99511.34,0.015748,0.018072,0.04559,0.01454,0.075829,0.950878,1.285888,9.0,0.409091,24,1.105,0.141,0.353,0.0,0.141,0.445,0.166,1.458,0.752,0.141,2.351,2.185,0.189281,0.035621,0.59,0.035691,0.58,0.022091,0.37,0.022242,0.36,0.016742,0.28,0.016938,0.28,28.07316,1694883.74,45.26749,2732970.97,ok,82603725.05,59.333333,3627219.75,55.0,1391.333333
2024-06,jun-24,29,clean,1530,84.0,28.0,17.0,48.0,61.0,1320.0,73.0,73.0,0.0,217,90094989.39,4629579.78,1005462.57,3579424.17,-3099967.92,-1671190.5,4443308.1,4443308.1,-0.0,58885.61,55114.05,29400.0,50400.0,71925.0,109410.0,0.019218,0.019511,0.036193,0.011739,0.078341,0.956035,1.931285,12.0,0.428571,21,0.98,0.12,0.36,0.0,0.06,0.447,0.033,1.34,0.6,0.06,2.0,1.967,0.2235,0.02381,0.43,0.030146,0.52,0.015952,0.29,0.01884,0.32,0.011667,0.21,0.014247,0.24,42.0,2314789.89,62.686567,3454910.28,ok,86622451.51,73.0,4267948.58,70.0,1461.333333
2024-07,jul-24,30,clean,1566,48.0,27.0,15.0,64.0,63.0,1376.0,36.0,36.0,0.0,228,89433913.8,2378775.21,1145364.78,2056233.06,-1934912.49,-4306536.15,-661075.59,-661075.59,0.0,57109.78,49557.82,20737.55,42000.0,63000.0,84000.0,0.017647,0.0478,0.021476,0.012713,0.065789,0.943437,0.894083,6.0,0.222222,21,0.9,0.108,0.288,0.0,0.072,0.448,-0.016,1.188,0.54,0.072,1.8,1.816,0.248889,0.0375,0.76,0.031066,0.56,0.02475,0.5,0.020131,0.36,0.01875,0.38,0.015076,0.27,26.666667,1321541.78,40.40404,2002336.04,ok,88393528.16,66.0,3664342.22,56.333333,1517.666667
2024-08,ago-24,31,clean,1602,56.0,29.0,9.0,86.0,68.0,1383.0,36.0,36.0,0.0,240,91188777.33,2090916.66,1883765.73,1158923.22,-1608508.23,-1770233.85,1754863.53,1754863.53,-0.0,56921.83,37337.8,21000.0,31500.0,48562.5,61950.0,0.018519,0.019794,0.017985,0.021063,0.0375,0.983284,1.519384,13.0,0.448276,5,0.874,0.114,0.266,0.0,0.057,0.449,0.14,1.14,0.703,0.057,1.9,1.76,0.236316,0.033929,0.91,0.030319,0.63,0.020357,0.55,0.019511,0.4,0.015607,0.42,0.014649,0.3,29.473684,1100482.45,49.122807,1834137.42,ok,90239226.84,62.666667,3033090.55,48.333333,1566.0
2024-09,sep-24,32,clean,1645,49.0,23.0,17.0,93.0,75.0,1411.0,43.0,43.0,0.0,260,92663692.8,2382899.19,1934892.75,884045.61,-2001928.11,-1724993.97,1474915.47,1474915.47,0.0,56330.51,48630.6,26250.0,38850.0,58800.0,89770.93,0.014357,0.018917,0.021954,0.021219,0.065385,0.980348,1.395746,10.0,0.434783,10,0.74,0.13,0.259,0.0,0.093,0.449,0.18,0.999,0.759,0.093,1.851,1.671,0.242572,0.037776,0.78,0.036281,0.81,0.020388,0.42,0.021745,0.49,0.015102,0.31,0.016431,0.37,26.472177,1287357.75,49.049049,2385284.47,ok,91095461.31,51.0,2284197.02,38.333333,1604.333333
2024-10,oct-24,33,clean,1678,50.0,33.0,16.0,120.0,88.0,1404.0,33.0,33.0,0.0,266,97007446.83,2201333.4,2129003.52,4456736.13,-2143197.0,-2300122.02,4343754.03,4343754.03,-0.0,57811.35,44026.67,26250.0,34125.0,48825.0,70100.1,0.020061,0.024822,0.023129,0.022976,0.06015,0.975025,1.977592,0.0,,6,0.78,0.12,0.26,0.0,0.08,0.453,0.307,1.04,0.88,0.08,2.0,1.693,0.2265,0.04,0.91,0.037103,0.86,0.0208,0.47,0.02051,0.48,0.0156,0.35,0.015445,0.36,25.0,1100666.7,48.076923,2116666.73,ok,93619972.32,51.666667,2225049.75,37.333333,1641.666667
