ID,Industria
Cliente 1,Restaurantes
Cliente 2,Retail
Cliente 3,Tecnología
Cliente 4,Retail
Cliente 5,Tecnología
Cliente 6,Producción
Cliente 7,Producción
Cliente 8,Retail
Cliente 9,Retail
Cliente 10,Tecnología
Cliente 11,Restaurantes
Cliente 12,Restaurantes
Cliente 13,Servicios profesionales
Cliente 14,Salud
Cliente 15,Retail
Cliente 16,Tecnología
Cliente 17,Retail
Cliente 18,Restaurantes
Cliente 19,Producción
Cliente 20,Tecnología
Cliente 21,Producción
Cliente 22,Producción
Cliente 23,Restaurantes
Cliente 24,Restaurantes
Cliente 25,Restaurantes
Cliente 26,Retail
Cliente 27,Restaurantes
Cliente 28,Tecnología
Cliente 29,Tecnología
Cliente 30,Producción
Cliente 31,Salud
Cliente 32,Restaurantes
Cliente 33,Retail
Cliente 34,Restaurantes
Cliente 35,Restaurantes
Cliente 36,Restaurantes
Cliente 37,Tecnología
Cliente 38,Tecnología
Cliente 39,Servicios profesionales
Cliente 40,Servicios profesionales
Cliente 41,Restaurantes
Cliente 42,Retail
Cliente 43,Tecnología
Cliente 44,Tecnología
Cliente 45,Salud
Cliente 46,Producción
Cliente 47,Restaurantes
Cliente 48,Restaurantes
Cliente 49,Restaurantes
Cliente 50,Servicios profesionales
Cliente 51,Restaurantes
Cliente 52,Producción
Cliente 53,Restaurantes
Cliente 54,Servicios profesionales
Cliente 55,Producción
Cliente 56,Salud
Cliente 57,Producción
Cliente 58,Producción
Cliente 59,Retail
Cliente 60,Restaurantes
Cliente 61,Retail
Cliente 62,Retail
Cliente 63,Restaurantes
Cliente 64,Restaurantes
Cliente 65,Servicios profesionales
Cliente 66,Producción
Cliente 67,Restaurantes
Cliente 68,Restaurantes
Cliente 69,Restaurantes
Cliente 70,Producción
Cliente 71,Servicios profesionales
Cliente 72,Retail
Cliente 73,Producción
Cliente 74,Salud
Cliente 75,Producción
Cliente 76,Restaurantes
Cliente 77,Retail
Cliente 78,Retail
Cliente 79,Restaurantes
Cliente 80,Producción
Cliente 81,Producción
Cliente 82,Tecnología
Cliente 83,Salud
Cliente 84,Retail
Cliente 85,Retail
Cliente 86,Restaurantes
Cliente 87,Restaurantes
Cliente 88,Producción
Cliente 89,Restaurantes
Cliente 90,Producción
Cliente 91,Restaurantes
Cliente 92,Producción
Cliente 93,Restaurantes
Cliente 94,Restaurantes
Cliente 95,Servicios profesionales
Cliente 96,Producción
Cliente 97,Salud
Cliente 98,Salud
Cliente 99,Salud
Cliente 100,Restaurantes
Cliente 101,Retail
Cliente 102,Restaurantes
Cliente 103,Producción
Cliente 104,Restaurantes
Cliente 105,Retail
Cliente 106,Retail
Cliente 107,Tecnología
Cliente 108,Producción
Cliente 109,Tecnología
Cliente 110,Salud
Cliente 111,Retail
Cliente 112,Servicios profesionales
Cliente 113,Servicios profesionales
Cliente 114,Servicios profesionales
Cliente 115,Tecnología
Cliente 116,Tecnología
Cliente 117,Retail
Cliente 118,Restaurantes
Cliente 119,Salud
Cliente 120,Tecnología
Cliente 121,Producción
Cliente 122,Retail
Cliente 123,Restaurantes
Cliente 124,Salud
Cliente 125,Producción
Cliente 126,Producción
Cliente 127,Restaurantes
Cliente 128,Retail
Cliente 129,Tecnología
Cliente 130,Servicios profesionales
Cliente 131,Salud
Cliente 132,Tecnología
Cliente 133,Restaurantes
Cliente 134,Retail
Cliente 135,Tecnología
Cliente 136,Tecnología
Cliente 137,Salud
Cliente 138,Tecnología
Cliente 139,Restaurantes
Cliente 140,Restaurantes
Cliente 141,Retail
Cliente 142,Retail
Cliente 143,Salud
Cliente 144,Producción
Cliente 145,Salud
Cliente 146,Restaurantes
Cliente 147,Restaurantes
Cliente 148,Restaurantes
Cliente 149,Producción
Cliente 150,Tecnología
Cliente 151,Tecnología
Cliente 152,Producción
Cliente 153,Servicios profesionales
Cliente 154,Retail
Cliente 155,Producción
Cliente 156,Restaurantes
Cliente 157,Restaurantes
Cliente 158,Retail
Cliente 159,Producción
Cliente 160,Producción
Cliente 161,Restaurantes
Cliente 162,Salud
Cliente 163,Retail
Cliente 164,Restaurantes
Cliente 165,Tecnología
Cliente 166,Producción
Cliente 167,Restaurantes
Cliente 168,Producción
Cliente 169,Tecnología
Cliente 170,Restaurantes
Cliente 171,Tecnología
Cliente 172,Servicios profesionales
Cliente 173,Restaurantes
Cliente 174,Tecnología
Cliente 175,Retail
Cliente 176,Restaurantes
Cliente 177,Tecnología
Cliente 178,Restaurantes
Cliente 179,Restaurantes
Cliente 180,Tecnología
Cliente 181,Restaurantes
Cliente 182,Restaurantes
Cliente 183,Servicios profesionales
Cliente 184,Tecnología
Cliente 185,Restaurantes
Cliente 186,Servicios profesionales
Cliente 187,Restaurantes
Cliente 188,Tecnología
Cliente 189,Restaurantes
Cliente 190,Producción
Cliente 191,Producción
Cliente 192,Tecnología
Cliente 193,Tecnología
Cliente 194,Tecnología
Cliente 195,Retail
Cliente 196,Producción
Cliente 197,Salud
Cliente 198,Salud
Cliente 199,Producción
Cliente 200,Producción
Cliente 201,Producción
Cliente 202,Tecnología
Cliente 203,Producción
Cliente 204,Tecnología
Cliente 205,Tecnología
Cliente 206,Tecnología
Cliente 207,Restaurantes
Cliente 208,Restaurantes
Cliente 209,Producción
Cliente 210,Retail
Cliente 211,Producción
Cliente 212,Tecnología
Cliente 213,Producción
Cliente 214,Producción
Cliente 215,Restaurantes
Cliente 216,Retail
Cliente 217,Salud
Cliente 218,Retail
Cliente 219,Restaurantes
Cliente 220,Producción
Cliente 221,Restaurantes
Cliente 222,Retail
Cliente 223,Restaurantes
Cliente 224,Producción
Cliente 225,Restaurantes
Cliente 226,Restaurantes
Cliente 227,Salud
Cliente 228,Retail
Cliente 229,Retail
Cliente 230,Restaurantes
Cliente 231,Restaurantes
Cliente 232,Salud
Cliente 233,Retail
Cliente 234,Retail
Cliente 235,Tecnología
Cliente 236,Producción
Cliente 237,Producción
Cliente 238,Tecnología
Cliente 239,Producción
Cliente 240,Restaurantes
Cliente 241,Restaurantes
Cliente 242,Retail
Cliente 243,Producción
Cliente 244,Restaurantes
Cliente 245,Producción
Cliente 246,Producción
Cliente 247,Producción
Cliente 248,Retail
Cliente 249,Retail
Cliente 250,Servicios profesionales
Cliente 251,Tecnología
Cliente 252,Restaurantes
Cliente 253,Salud
Cliente 254,Producción
Cliente 255,Tecnología
Cliente 256,Retail
Cliente 257,Salud
Cliente 258,Salud
Cliente 259,Producción
Cliente 260,Restaurantes
Cliente 261,Tecnología
Cliente 262,Producción
Cliente 263,Tecnología
Cliente 264,Producción
Cliente 265,Retail
Cliente 266,Retail
Cliente 267,Retail
Cliente 268,Tecnología
Cliente 269,Restaurantes
Cliente 270,Tecnología
Cliente 271,Restaurantes
Cliente 272,Salud
Cliente 273,Restaurantes
Cliente 274,Producción
Cliente 275,Restaurantes
Cliente 276,Producción
Cliente 277,Tecnología
Cliente 278,Restaurantes
Cliente 279,Restaurantes
Cliente 280,Tecnología
Cliente 281,Restaurantes
Cliente 282,Producción
Cliente 283,Servicios profesionales
Cliente 284,Producción
Cliente 285,Producción
Cliente 286,Servicios profesionales
Cliente 287,Producción
Cliente 288,Restaurantes
Cliente 289,Tecnología
Cliente 290,Producción
Cliente 291,Tecnología
Cliente 292,Retail
Cliente 293,Retail
Cliente 294,Retail
Cliente 295,Salud
Cliente 296,Retail
Cliente 297,Tecnología
Cliente 298,Producción
Cliente 299,Producción
Cliente 300,Retail
Cliente 301,Producción
Cliente 302,Restaurantes
Cliente 303,Producción
Cliente 304,Restaurantes
Cliente 305,Restaurantes
Cliente 306,Servicios profesionales
Cliente 307,Producción
Cliente 308,Tecnología
Cliente 309,Restaurantes
Cliente 310,Producción
Cliente 311,Retail
Cliente 312,Producción
Cliente 313,Producción
Cliente 314,Producción
Cliente 315,Retail
Cliente 316,Restaurantes
Cliente 317,Restaurantes
Cliente 318,Restaurantes
Cliente 319,Restaurantes
Cliente 320,Restaurantes
Cliente 321,Tecnología
Cliente 322,Restaurantes
Cliente 323,Restaurantes
Cliente 324,Producción
Cliente 325,Restaurantes
Cliente 326,Tecnología
Cliente 327,Producción
Cliente 328,Salud
Cliente 329,Restaurantes
Cliente 330,Tecnología
Cliente 331,Restaurantes
Cliente 332,Salud
Cliente 333,Producción
Cliente 334,Restaurantes
Cliente 335,Salud
Cliente 336,Restaurantes
Cliente 337,Restaurantes
Cliente 338,Producción
Cliente 339,Producción
Cliente 340,Producción
Cliente 341,Restaurantes
Cliente 342,Tecnología
Cliente 343,Restaurantes
Cliente 344,Producción
Cliente 345,Restaurantes
Cliente 346,Restaurantes
Cliente 347,Producción
Cliente 348,Restaurantes
Cliente 349,Tecnología
Cliente 350,Restaurantes
Cliente 351,Restaurantes
Cliente 352,Producción
Cliente 353,Restaurantes
Cliente 354,Producción
Cliente 355,Retail
Cliente 356,Retail
Cliente 357,Tecnología
Cliente 358,Salud
Cliente 359,Producción
Cliente 360,Salud
Cliente 361,Producción
Cliente 362,Restaurantes
Cliente 363,Producción
Cliente 364,Producción
Cliente 365,Salud
Cliente 366,Salud
Cliente 367,Producción
Cliente 368,Tecnología
Cliente 369,Retail
Cliente 370,Tecnología
Cliente 371,Producción
Cliente 372,Servicios profesionales
Cliente 373,Producción
Cliente 374,Servicios profesionales
Cliente 375,Servicios profesionales
Cliente 376,Retail
Cliente 377,Restaurantes
Cliente 378,Restaurantes
Cliente 379,Tecnología
Cliente 380,Restaurantes
Cliente 381,Servicios profesionales
Cliente 382,Retail
Cliente 383,Producción
Cliente 384,Restaurantes
Cliente 385,Restaurantes
Cliente 386,Restaurantes
Cliente 387,Producción
Cliente 388,Tecnología
Cliente 389,Retail
Cliente 390,Producción
Cliente 391,Restaurantes
Cliente 392,Restaurantes
Cliente 393,Tecnología
Cliente 394,Producción
Cliente 395,Tecnología
Cliente 396,Servicios profesionales
Cliente 397,Restaurantes
Cliente 398,Producción
Cliente 399,Producción
Cliente 400,Servicios profesionales
Cliente 401,Retail
Cliente 402,Tecnología
Cliente 403,Tecnología
Cliente 404,Tecnología
Cliente 405,Retail
Cliente 406,Retail
Cliente 407,Producción
Cliente 408,Servicios profesionales
Cliente 409,Tecnología
Cliente 410,Restaurantes
Cliente 411,Servicios profesionales
Cliente 412,Servicios profesionales
Cliente 413,Tecnología
Cliente 414,Restaurantes
Cliente 415,Restaurantes
Cliente 416,Restaurantes
Cliente 417,Restaurantes
Cliente 418,Restaurantes
Cliente 419,Servicios profesionales
Cliente 420,Retail
Cliente 421,Salud
Cliente 422,Salud
Cliente 423,Producción
Cliente 424,Producción
Cliente 425,Producción
Cliente 426,Servicios profesionales
Cliente 427,Restaurantes
Cliente 428,Servicios profesionales
Cliente 429,Restaurantes
Cliente 430,Servicios profesionales
Cliente 431,Retail
Cliente 432,Retail
Cliente 433,Tecnología
Cliente 434,Restaurantes
Cliente 435,Restaurantes
Cliente 436,Tecnología
Cliente 437,Salud
Cliente 438,Producción
Cliente 439,Producción
Cliente 440,Producción
Cliente 441,Servicios profesionales
Cliente 442,Servicios profesionales
Cliente 443,Producción
Cliente 444,Tecnología
Cliente 445,Producción
Cliente 446,Restaurantes
Cliente 447,Tecnología
Cliente 448,Retail
Cliente 449,Salud
Cliente 450,Restaurantes
Cliente 451,Producción
Cliente 452,Restaurantes
Cliente 453,Restaurantes
Cliente 454,Retail
Cliente 455,Producción
Cliente 456,Producción
Cliente 457,Producción
Cliente 458,Retail
Cliente 459,Salud
Cliente 460,Servicios profesionales
Cliente 461,Restaurantes
Cliente 462,Producción
Cliente 463,Restaurantes
Cliente 464,Restaurantes
Cliente 465,Tecnología
Cliente 466,Retail
Cliente 467,Retail
Cliente 468,Tecnología
Cliente 469,Retail
Cliente 470,Retail
Cliente 471,Retail
Cliente 472,Producción
Cliente 473,Retail
Cliente 474,Producción
Cliente 475,Servicios profesionales
Cliente 476,Producción
Cliente 477,Producción
Cliente 478,Retail
Cliente 479,Servicios profesionales
Cliente 480,Tecnología
Cliente 481,Tecnología
Cliente 482,Salud
Cliente 483,Servicios profesionales
Cliente 484,Retail
Cliente 485,Producción
Cliente 486,Restaurantes
Cliente 487,Tecnología
Cliente 488,Restaurantes
Cliente 489,Producción
Cliente 490,Restaurantes
Cliente 491,Producción
Cliente 492,Restaurantes
Cliente 493,Restaurantes
Cliente 494,Servicios profesionales
Cliente 495,Restaurantes
Cliente 496,Producción
Cliente 497,Restaurantes
Cliente 498,Tecnología
Cliente 499,Producción
Cliente 500,Retail
Cliente 501,Salud
Cliente 502,Salud
Cliente 503,Producción
Cliente 504,Retail
Cliente 505,Restaurantes
Cliente 506,Producción
Cliente 507,Producción
Cliente 508,Retail
Cliente 509,Retail
Cliente 510,Tecnología
Cliente 511,Restaurantes
Cliente 512,Restaurantes
Cliente 513,Tecnología
Cliente 514,Salud
Cliente 515,Restaurantes
Cliente 516,Tecnología
Cliente 517,Restaurantes
Cliente 518,Salud
Cliente 519,Tecnología
Cliente 520,Retail
Cliente 521,Producción
Cliente 522,Restaurantes
Cliente 523,Producción
Cliente 524,Salud
Cliente 525,Producción
Cliente 526,Producción
Cliente 527,Restaurantes
Cliente 528,Producción
Cliente 529,Retail
Cliente 530,Restaurantes
Cliente 531,Retail
Cliente 532,Retail
Cliente 533,Restaurantes
Cliente 534,Restaurantes
Cliente 535,Producción
Cliente 536,Servicios profesionales
Cliente 537,Retail
Cliente 538,Restaurantes
Cliente 539,Producción
Cliente 540,Servicios profesionales
Cliente 541,Producción
Cliente 542,Servicios profesionales
Cliente 543,Restaurantes
Cliente 544,Restaurantes
Cliente 545,Tecnología
Cliente 546,Restaurantes
Cliente 547,Restaurantes
Cliente 548,Producción
Cliente 549,Restaurantes
Cliente 550,Restaurantes
Cliente 551,Tecnología
Cliente 552,Restaurantes
Cliente 553,Restaurantes
Cliente 554,Producción
Cliente 555,Retail
Cliente 556,Retail
Cliente 557,Tecnología
Cliente 558,Tecnología
Cliente 559,Retail
Cliente 560,Salud
Cliente 561,Producción
Cliente 562,Restaurantes
Cliente 563,Producción
Cliente 564,Producción
Cliente 565,Retail
Cliente 566,Retail
Cliente 567,Retail
Cliente 568,Salud
Cliente 569,Restaurantes
Cliente 570,Retail
Cliente 571,Tecnología
Cliente 572,Producción
Cliente 573,Salud
Cliente 574,Producción
Cliente 575,Retail
Cliente 576,Restaurantes
Cliente 577,Producción
Cliente 578,Retail
Cliente 579,Restaurantes
Cliente 580,Retail
Cliente 581,Producción
Cliente 582,Retail
Cliente 583,Restaurantes
Cliente 584,Producción
Cliente 585,Restaurantes
Cliente 586,Retail
Cliente 587,Producción
Cliente 588,Retail
Cliente 589,Producción
Cliente 590,Tecnología
Cliente 591,Salud
Cliente 592,Restaurantes
Cliente 593,Tecnología
Cliente 594,Producción
Cliente 595,Producción
Cliente 596,Restaurantes
Cliente 597,Restaurantes
Cliente 598,Producción
Cliente 599,Producción
Cliente 600,Tecnología
Cliente 601,Tecnología
Cliente 602,Producción
Cliente 603,Tecnología
Cliente 604,Salud
Cliente 605,Tecnología
Cliente 606,Restaurantes
Cliente 607,Producción
Cliente 608,Salud
Cliente 609,Producción
Cliente 610,Servicios profesionales
Cliente 611,Salud
Cliente 612,Retail
Cliente 613,Producción
Cliente 614,Restaurantes
Cliente 615,Restaurantes
Cliente 616,Producción
Cliente 617,Servicios profesionales
Cliente 618,Tecnología
Cliente 619,Producción
Cliente 620,Retail
Cliente 621,Tecnología
Cliente 622,Producción
Cliente 623,Servicios profesionales
Cliente 624,Retail
Cliente 625,Retail
Cliente 626,Producción
Cliente 627,Retail
Cliente 628,Tecnología
Cliente 629,Retail
Cliente 630,Restaurantes
Cliente 631,Producción
Cliente 632,Restaurantes
Cliente 633,Restaurantes
Cliente 634,Restaurantes
Cliente 635,Servicios profesionales
Cliente 636,Retail
Cliente 637,Restaurantes
Cliente 638,Tecnología
Cliente 639,Servicios profesionales
Cliente 640,Restaurantes
Cliente 641,Restaurantes
Cliente 642,Servicios profesionales
Cliente 643,Servicios profesionales
Cliente 644,Producción
Cliente 645,Restaurantes
Cliente 646,Producción
Cliente 647,Restaurantes
Cliente 648,Retail
Cliente 649,Tecnología
Cliente 650,Retail
Cliente 651,Producción
Cliente 652,Retail
Cliente 653,Tecnología
Cliente 654,Salud
Cliente 655,Producción
Cliente 656,Salud
Cliente 657,Restaurantes
Cliente 658,Restaurantes
Cliente 659,Producción
Cliente 660,Producción
Cliente 661,Restaurantes
Cliente 662,Retail
Cliente 663,Producción
Cliente 664,Producción
Cliente 665,Retail
Cliente 666,Producción
Cliente 667,Retail
Cliente 668,Restaurantes
Cliente 669,Restaurantes
Cliente 670,Servicios profesionales
Cliente 671,Tecnología
Cliente 672,Servicios profesionales
Cliente 673,Retail
Cliente 674,Restaurantes
Cliente 675,Producción
Cliente 676,Restaurantes
Cliente 677,Retail
Cliente 678,Producción
Cliente 679,Tecnología
Cliente 680,Retail
Cliente 681,Tecnología
Cliente 682,Restaurantes
Cliente 683,Producción
Cliente 684,Salud
Cliente 685,Restaurantes
Cliente 686,Restaurantes
Cliente 687,Salud
Cliente 688,Restaurantes
Cliente 689,Restaurantes
Cliente 690,Restaurantes
Cliente 691,Producción
Cliente 692,Retail
Cliente 693,Tecnología
Cliente 694,Restaurantes
Cliente 695,Producción
Cliente 696,Retail
Cliente 697,Producción
Cliente 698,Salud
Cliente 699,Retail
Cliente 700,Producción
Cliente 701,Retail
Cliente 702,Salud
Cliente 703,Salud
Cliente 704,Tecnología
Cliente 705,Restaurantes
Cliente 706,Producción
Cliente 707,Producción
Cliente 708,Tecnología
Cliente 709,Restaurantes
Cliente 710,Tecnología
Cliente 711,Retail
Cliente 712,Producción
Cliente 713,Producción
Cliente 714,Tecnología
Cliente 715,Salud
Cliente 716,Producción
Cliente 717,Retail
Cliente 718,Servicios profesionales
Cliente 719,Restaurantes
Cliente 720,Producción
Cliente 721,Servicios profesionales
Cliente 722,Restaurantes
Cliente 723,Restaurantes
Cliente 724,Producción
Cliente 725,Restaurantes
Cliente 726,Servicios profesionales
Cliente 727,Tecnología
Cliente 728,Producción
Cliente 729,Restaurantes
Cliente 730,Retail
Cliente 731,Salud
Cliente 732,Restaurantes
Cliente 733,Tecnología
Cliente 734,Producción
Cliente 735,Servicios profesionales
Cliente 736,Restaurantes
Cliente 737,Restaurantes
Cliente 738,Producción
Cliente 739,Restaurantes
Cliente 740,Restaurantes
Cliente 741,Tecnología
Cliente 742,Producción
Cliente 743,Retail
Cliente 744,Restaurantes
Cliente 745,Tecnología
Cliente 746,Retail
Cliente 747,Tecnología
Cliente 748,Restaurantes
Cliente 749,Restaurantes
Cliente 750,Retail
Cliente 751,Producción
Cliente 752,Restaurantes
Cliente 753,Restaurantes
Cliente 754,Producción
Cliente 755,Retail
Cliente 756,Producción
Cliente 757,Tecnología
Cliente 758,Restaurantes
Cliente 759,Producción
Cliente 760,Restaurantes
Cliente 761,Tecnología
Cliente 762,Restaurantes
Cliente 763,Tecnología
Cliente 764,Servicios profesionales
Cliente 765,Producción
Cliente 766,Salud
Cliente 767,Producción
Cliente 768,Servicios profesionales
Cliente 769,Retail
Cliente 770,Servicios profesionales
Cliente 771,Retail
Cliente 772,Producción
Cliente 773,Tecnología
Cliente 774,Restaurantes
Cliente 775,Producción
Cliente 776,Producción
Cliente 777,Tecnología
Cliente 778,Retail
Cliente 779,Retail
Cliente 780,Retail
Cliente 781,Retail
Cliente 782,Restaurantes
Cliente 783,Producción
Cliente 784,Producción
Cliente 785,Retail
Cliente 786,Restaurantes
Cliente 787,Salud
Cliente 788,Tecnología
Cliente 789,Restaurantes
Cliente 790,Producción
Cliente 791,Retail
Cliente 792,Servicios profesionales
Cliente 793,Retail
Cliente 794,Retail
Cliente 795,Producción
Cliente 796,Restaurantes
Cliente 797,Tecnología
Cliente 798,Producción
Cliente 799,Retail
Cliente 800,Restaurantes
Cliente 801,Retail
Cliente 802,Restaurantes
Cliente 803,Retail
Cliente 804,Producción
Cliente 805,Producción
Cliente 806,Restaurantes
Cliente 807,Retail
Cliente 808,Restaurantes
Cliente 809,Tecnología
Cliente 810,Producción
Cliente 811,Restaurantes
Cliente 812,Tecnología
Cliente 813,Retail
Cliente 814,Restaurantes
Cliente 815,Producción
Cliente 816,Restaurantes
Cliente 817,Producción
Cliente 818,Servicios profesionales
Cliente 819,Servicios profesionales
Cliente 820,Retail
Cliente 821,Restaurantes
Cliente 822,Producción
Cliente 823,Restaurantes
Cliente 824,Retail
Cliente 825,Salud
Cliente 826,Servicios profesionales
Cliente 827,Retail
Cliente 828,Producción
Cliente 829,Restaurantes
Cliente 830,Retail
Cliente 831,Retail
Cliente 832,Producción
Cliente 833,Restaurantes
Cliente 834,Salud
Cliente 835,Restaurantes
Cliente 836,Salud
Cliente 837,Producción
Cliente 838,Tecnología
Cliente 839,Servicios profesionales
Cliente 840,Restaurantes
Cliente 841,Tecnología
Cliente 842,Restaurantes
Cliente 843,Retail
Cliente 844,Producción
Cliente 845,Retail
Cliente 846,Tecnología
Cliente 847,Producción
Cliente 848,Retail
Cliente 849,Retail
Cliente 850,Producción
Cliente 851,Restaurantes
Cliente 852,Retail
Cliente 853,Servicios profesionales
Cliente 854,Producción
Cliente 855,Producción
Cliente 856,Restaurantes
Cliente 857,Producción
Cliente 858,Retail
Cliente 859,Producción
Cliente 860,Restaurantes
Cliente 861,Retail
Cliente 862,Tecnología
Cliente 863,Producción
Cliente 864,Tecnología
Cliente 865,Producción
Cliente 866,Retail
Cliente 867,Producción
Cliente 868,Producción
Cliente 869,Producción
Cliente 870,Salud
Cliente 871,Tecnología
Cliente 872,Retail
Cliente 873,Tecnología
Cliente 874,Restaurantes
Cliente 875,Retail
Cliente 876,Producción
Cliente 877,Restaurantes
Cliente 878,Retail
Cliente 879,Restaurantes
Cliente 880,Salud
Cliente 881,Producción
Cliente 882,Servicios profesionales
Cliente 883,Producción
Cliente 884,Tecnología
Cliente 885,Restaurantes
Cliente 886,Restaurantes
Cliente 887,Retail
Cliente 888,Restaurantes
Cliente 889,Restaurantes
Cliente 890,Salud
Cliente 891,Restaurantes
Cliente 892,Servicios profesionales
Cliente 893,Retail
Cliente 894,Salud
Cliente 895,Retail
Cliente 896,Servicios profesionales
Cliente 897,Restaurantes
Cliente 898,Retail
Cliente 899,Retail
Cliente 900,Restaurantes
Cliente 901,Restaurantes
Cliente 902,Servicios profesionales
Cliente 903,Retail
Cliente 904,Restaurantes
Cliente 905,Restaurantes
Cliente 906,Restaurantes
Cliente 907,Restaurantes
Cliente 908,Servicios profesionales
Cliente 909,Servicios profesionales
Cliente 910,Restaurantes
Cliente 911,Retail
Cliente 912,Tecnología
Cliente 913,Servicios profesionales
Cliente 914,Retail
Cliente 915,Retail
Cliente 916,Servicios profesionales
Cliente 917,Retail
Cliente 918,Retail
Cliente 919,Restaurantes
Cliente 920,Restaurantes
Cliente 921,Retail
Cliente 922,Restaurantes
Cliente 923,Producción
Cliente 924,Restaurantes
Cliente 925,Restaurantes
Cliente 926,Tecnología
Cliente 927,Producción
Cliente 928,Restaurantes
Cliente 929,Restaurantes
Cliente 930,Tecnología
Cliente 931,Restaurantes
Cliente 932,Restaurantes
Cliente 933,Tecnología
Cliente 934,Restaurantes
Cliente 935,Retail
Cliente 936,Salud
Cliente 937,Restaurantes
Cliente 938,Retail
Cliente 939,Retail
Cliente 940,Retail
Cliente 941,Retail
Cliente 942,Retail
Cliente 943,Restaurantes
Cliente 944,Producción
Cliente 945,Tecnología
Cliente 946,Retail
Cliente 947,Restaurantes
Cliente 948,Producción
Cliente 949,Restaurantes
Cliente 950,Restaurantes
Cliente 951,Retail
Cliente 952,Producción
Cliente 953,Retail
Cliente 954,Retail
Cliente 955,Restaurantes
Cliente 956,Producción
Cliente 957,Restaurantes
Cliente 958,Restaurantes
Cliente 959,Retail
Cliente 960,Retail
Cliente 961,Retail
Cliente 962,Retail
Cliente 963,Producción
Cliente 964,Producción
Cliente 965,Tecnología
Cliente 966,Servicios profesionales
Cliente 967,Tecnología
Cliente 968,Servicios profesionales
Cliente 969,Retail
Cliente 970,Retail
Cliente 971,Tecnología
Cliente 972,Salud
Cliente 973,Retail
Cliente 974,Servicios profesionales
Cliente 975,Restaurantes
Cliente 976,Tecnología
Cliente 977,Tecnología
Cliente 978,Tecnología
Cliente 979,Salud
Cliente 980,Retail
Cliente 981,Retail
Cliente 982,Restaurantes
Cliente 983,Retail
Cliente 984,Restaurantes
Cliente 985,Retail
Cliente 986,Servicios profesionales
Cliente 987,Producción
Cliente 988,Tecnología
Cliente 989,Producción
Cliente 990,Producción
Cliente 991,Servicios profesionales
Cliente 992,Salud
Cliente 993,Retail
Cliente 994,Retail
Cliente 995,Retail
Cliente 996,Salud
Cliente 997,Retail
Cliente 998,Producción
Cliente 999,Producción
Cliente 1000,Retail
Cliente 1001,Retail
Cliente 1002,Restaurantes
Cliente 1003,Restaurantes
Cliente 1004,Retail
Cliente 1005,Retail
Cliente 1006,Restaurantes
Cliente 1007,Salud
Cliente 1008,Salud
Cliente 1009,Producción
Cliente 1010,Producción
Cliente 1011,Tecnología
Cliente 1012,Retail
Cliente 1013,Retail
Cliente 1014,Retail
Cliente 1015,Salud
Cliente 1016,Tecnología
Cliente 1017,Producción
Cliente 1018,Tecnología
Cliente 1019,Restaurantes
Cliente 1020,Producción
Cliente 1021,Salud
Cliente 1022,Tecnología
Cliente 1023,Retail
Cliente 1024,Restaurantes
Cliente 1025,Producción
Cliente 1026,Producción
Cliente 1027,Retail
Cliente 1028,Restaurantes
Cliente 1029,Producción
Cliente 1030,Retail
Cliente 1031,Restaurantes
Cliente 1032,Tecnología
Cliente 1033,Producción
Cliente 1034,Retail
Cliente 1035,Retail
Cliente 1036,Restaurantes
Cliente 1037,Retail
Cliente 1038,Producción
Cliente 1039,Salud
Cliente 1040,Retail
Cliente 1041,Producción
Cliente 1042,Restaurantes
Cliente 1043,Retail
Cliente 1044,Tecnología
Cliente 1045,Retail
Cliente 1046,Producción
Cliente 1047,Tecnología
Cliente 1048,Restaurantes
Cliente 1049,Tecnología
Cliente 1050,Salud
Cliente 1051,Producción
Cliente 1052,Restaurantes
Cliente 1053,Restaurantes
Cliente 1054,Producción
Cliente 1055,Retail
Cliente 1056,Restaurantes
Cliente 1057,Restaurantes
Cliente 1058,Producción
Cliente 1059,Tecnología
Cliente 1060,Servicios profesionales
Cliente 1061,Retail
Cliente 1062,Restaurantes
Cliente 1063,Retail
Cliente 1064,Retail
Cliente 1065,Producción
Cliente 1066,Salud
Cliente 1067,Producción
Cliente 1068,Restaurantes
Cliente 1069,Restaurantes
Cliente 1070,Retail
Cliente 1071,Restaurantes
Cliente 1072,Servicios profesionales
Cliente 1073,Servicios profesionales
Cliente 1074,Producción
Cliente 1075,Producción
Cliente 1076,Producción
Cliente 1077,Servicios profesionales
Cliente 1078,Retail
Cliente 1079,Retail
Cliente 1080,Salud
Cliente 1081,Producción
Cliente 1082,Retail
Cliente 1083,Restaurantes
Cliente 1084,Restaurantes
Cliente 1085,Retail
Cliente 1086,Restaurantes
Cliente 1087,Retail
Cliente 1088,Retail
Cliente 1089,Restaurantes
Cliente 1090,Tecnología
Cliente 1091,Producción
Cliente 1092,Restaurantes
Cliente 1093,Servicios profesionales
Cliente 1094,Restaurantes
Cliente 1095,Retail
Cliente 1096,Tecnología
Cliente 1097,Producción
Cliente 1098,Retail
Cliente 1099,Producción
Cliente 1100,Producción
Cliente 1101,Retail
Cliente 1102,Tecnología
Cliente 1103,Producción
Cliente 1104,Retail
Cliente 1105,Tecnología
Cliente 1106,Retail
Cliente 1107,Producción
Cliente 1108,Producción
Cliente 1109,Restaurantes
Cliente 1110,Producción
Cliente 1111,Restaurantes
Cliente 1112,Salud
Cliente 1113,Restaurantes
Cliente 1114,Retail
Cliente 1115,Restaurantes
Cliente 1116,Producción
Cliente 1117,Tecnología
Cliente 1118,Tecnología
Cliente 1119,Producción
Cliente 1120,Retail
Cliente 1121,Servicios profesionales
Cliente 1122,Retail
Cliente 1123,Servicios profesionales
Cliente 1124,Servicios profesionales
Cliente 1125,Salud
Cliente 1126,Tecnología
Cliente 1127,Retail
Cliente 1128,Servicios profesionales
Cliente 1129,Producción
Cliente 1130,Producción
Cliente 1131,Servicios profesionales
Cliente 1132,Retail
Cliente 1133,Retail
Cliente 1134,Producción
Cliente 1135,Retail
Cliente 1136,Producción
Cliente 1137,Restaurantes
Cliente 1138,Retail
Cliente 1139,Producción
Cliente 1140,Tecnología
Cliente 1141,Restaurantes
Cliente 1142,Producción
Cliente 1143,Servicios profesionales
Cliente 1144,Retail
Cliente 1145,Producción
Cliente 1146,Tecnología
Cliente 1147,Producción
Cliente 1148,Restaurantes
Cliente 1149,Retail
Cliente 1150,Producción
Cliente 1151,Salud
Cliente 1152,Salud
Cliente 1153,Retail
Cliente 1154,Retail
Cliente 1155,Restaurantes
Cliente 1156,Producción
Cliente 1157,Restaurantes
Cliente 1158,Producción
Cliente 1159,Producción
Cliente 1160,Producción
Cliente 1161,Producción
Cliente 1162,Retail
Cliente 1163,Servicios profesionales
Cliente 1164,Retail
Cliente 1165,Restaurantes
Cliente 1166,Producción
Cliente 1167,Restaurantes
Cliente 1168,Producción
Cliente 1169,Producción
Cliente 1170,Restaurantes
Cliente 1171,Producción
Cliente 1172,Servicios profesionales
Cliente 1173,Producción
Cliente 1174,Retail
Cliente 1175,Restaurantes
Cliente 1176,Tecnología
Cliente 1177,Restaurantes
Cliente 1178,Restaurantes
Cliente 1179,Retail
Cliente 1180,Tecnología
Cliente 1181,Servicios profesionales
Cliente 1182,Producción
Cliente 1183,Restaurantes
Cliente 1184,Restaurantes
Cliente 1185,Servicios profesionales
Cliente 1186,Restaurantes
Cliente 1187,Tecnología
Cliente 1188,Servicios profesionales
Cliente 1189,Producción
Cliente 1190,Restaurantes
Cliente 1191,Restaurantes
Cliente 1192,Producción
Cliente 1193,Restaurantes
Cliente 1194,Producción
Cliente 1195,Retail
Cliente 1196,Retail
Cliente 1197,Tecnología
Cliente 1198,Restaurantes
Cliente 1199,Producción
Cliente 1200,Servicios profesionales
Cliente 1201,Retail
Cliente 1202,Servicios profesionales
Cliente 1203,Servicios profesionales
Cliente 1204,Producción
Cliente 1205,Restaurantes
Cliente 1206,Restaurantes
Cliente 1207,Servicios profesionales
Cliente 1208,Retail
Cliente 1209,Retail
Cliente 1210,Restaurantes
Cliente 1211,Retail
Cliente 1212,Restaurantes
Cliente 1213,Producción
Cliente 1214,Restaurantes
Cliente 1215,Retail
Cliente 1216,Restaurantes
Cliente 1217,Retail
Cliente 1218,Servicios profesionales
Cliente 1219,Restaurantes
Cliente 1220,Producción
Cliente 1221,Restaurantes
Cliente 1222,Salud
Cliente 1223,Salud
Cliente 1224,Producción
Cliente 1225,Producción
Cliente 1226,Servicios profesionales
Cliente 1227,Retail
Cliente 1228,Servicios profesionales
Cliente 1229,Producción
Cliente 1230,Retail
Cliente 1231,Restaurantes
Cliente 1232,Servicios profesionales
Cliente 1233,Tecnología
Cliente 1234,Retail
Cliente 1235,Producción
Cliente 1236,Retail
Cliente 1237,Retail
Cliente 1238,Producción
Cliente 1239,Restaurantes
Cliente 1240,Servicios profesionales
Cliente 1241,Retail
Cliente 1242,Restaurantes
Cliente 1243,Producción
Cliente 1244,Servicios profesionales
Cliente 1245,Restaurantes
Cliente 1246,Retail
Cliente 1247,Producción
Cliente 1248,Tecnología
Cliente 1249,Retail
Cliente 1250,Restaurantes
Cliente 1251,Retail
Cliente 1252,Servicios profesionales
Cliente 1253,Retail
Cliente 1254,Producción
Cliente 1255,Restaurantes
Cliente 1256,Restaurantes
Cliente 1257,Retail
Cliente 1258,Retail
Cliente 1259,Retail
Cliente 1260,Producción
Cliente 1261,Retail
Cliente 1262,Restaurantes
Cliente 1263,Restaurantes
Cliente 1264,Tecnología
Cliente 1265,Restaurantes
Cliente 1266,Retail
Cliente 1267,Producción
Cliente 1268,Salud
Cliente 1269,Retail
Cliente 1270,Producción
Cliente 1271,Restaurantes
Cliente 1272,Producción
Cliente 1273,Retail
Cliente 1274,Producción
Cliente 1275,Retail
Cliente 1276,Servicios profesionales
Cliente 1277,Restaurantes
Cliente 1278,Producción
Cliente 1279,Restaurantes
Cliente 1280,Restaurantes
Cliente 1281,Retail
Cliente 1282,Tecnología
Cliente 1283,Servicios profesionales
Cliente 1284,Restaurantes
Cliente 1285,Restaurantes
Cliente 1286,Servicios profesionales
Cliente 1287,Restaurantes
Cliente 1288,Producción
Cliente 1289,Producción
Cliente 1290,Retail
Cliente 1291,Producción
Cliente 1292,Salud
Cliente 1293,Retail
Cliente 1294,Producción
Cliente 1295,Restaurantes
Cliente 1296,Restaurantes
Cliente 1297,Producción
Cliente 1298,Restaurantes
Cliente 1299,Salud
Cliente 1300,Restaurantes
Cliente 1301,Restaurantes
Cliente 1302,Producción
Cliente 1303,Retail
Cliente 1304,Servicios profesionales
Cliente 1305,Servicios profesionales
Cliente 1306,Retail
Cliente 1307,Tecnología
Cliente 1308,Retail
Cliente 1309,Restaurantes
Cliente 1310,Restaurantes
Cliente 1311,Producción
Cliente 1312,Producción
Cliente 1313,Restaurantes
Cliente 1314,Producción
Cliente 1315,Producción
Cliente 1316,Producción
Cliente 1317,Restaurantes
Cliente 1318,Retail
Cliente 1319,Restaurantes
Cliente 1320,Producción
Cliente 1321,Producción
Cliente 1322,Tecnología
Cliente 1323,Retail
Cliente 1324,Retail
Cliente 1325,Restaurantes
Cliente 1326,Retail
Cliente 1327,Producción
Cliente 1328,Salud
Cliente 1329,Producción
Cliente 1330,Salud
Cliente 1331,Restaurantes
Cliente 1332,Producción
Cliente 1333,Producción
Cliente 1334,Servicios profesionales
Cliente 1335,Restaurantes
Cliente 1336,Tecnología
Cliente 1337,Producción
Cliente 1338,Salud
Cliente 1339,Retail
Cliente 1340,Retail
Cliente 1341,Servicios profesionales
Cliente 1342,Producción
Cliente 1343,Producción
Cliente 1344,Tecnología
Cliente 1345,Retail
Cliente 1346,Retail
Cliente 1347,Retail
Cliente 1348,Producción
Cliente 1349,Restaurantes
Cliente 1350,Servicios profesionales
Cliente 1351,Servicios profesionales
Cliente 1352,Tecnología
Cliente 1353,Tecnología
Cliente 1354,Restaurantes
Cliente 1355,Producción
Cliente 1356,Tecnología
Cliente 1357,Producción
Cliente 1358,Restaurantes
Cliente 1359,Producción
Cliente 1360,Restaurantes
Cliente 1361,Retail
Cliente 1362,Restaurantes
Cliente 1363,Salud
Cliente 1364,Producción
Cliente 1365,Producción
Cliente 1366,Retail
Cliente 1367,Servicios profesionales
Cliente 1368,Retail
Cliente 1369,Producción
Cliente 1370,Producción
Cliente 1371,Producción
Cliente 1372,Retail
Cliente 1373,Restaurantes
Cliente 1374,Tecnología
Cliente 1375,Restaurantes
Cliente 1376,Producción
Cliente 1377,Producción
Cliente 1378,Retail
Cliente 1379,Salud
Cliente 1380,Tecnología
Cliente 1381,Producción
Cliente 1382,Restaurantes
Cliente 1383,Restaurantes
Cliente 1384,Retail
Cliente 1385,Retail
Cliente 1386,Producción
Cliente 1387,Restaurantes
Cliente 1388,Producción
Cliente 1389,Retail
Cliente 1390,Restaurantes
Cliente 1391,Producción
Cliente 1392,Restaurantes
Cliente 1393,Restaurantes
Cliente 1394,Restaurantes
Cliente 1395,Salud
Cliente 1396,Restaurantes
Cliente 1397,Restaurantes
Cliente 1398,Retail
Cliente 1399,Producción
Cliente 1400,Restaurantes
Cliente 1401,Tecnología
Cliente 1402,Retail
Cliente 1403,Restaurantes
Cliente 1404,Retail
Cliente 1405,Servicios profesionales
Cliente 1406,Servicios profesionales
Cliente 1407,Retail
Cliente 1408,Producción
Cliente 1409,Retail
Cliente 1410,Retail
Cliente 1411,Retail
Cliente 1412,Restaurantes
Cliente 1413,Tecnología
Cliente 1414,Restaurantes
Cliente 1415,Retail
Cliente 1416,Salud
Cliente 1417,Restaurantes
Cliente 1418,Producción
Cliente 1419,Restaurantes
Cliente 1420,Retail
Cliente 1421,Restaurantes
Cliente 1422,Retail
Cliente 1423,Retail
Cliente 1424,Restaurantes
Cliente 1425,Restaurantes
Cliente 1426,Restaurantes
Cliente 1427,Producción
Cliente 1428,Producción
Cliente 1429,Restaurantes
Cliente 1430,Producción
Cliente 1431,Restaurantes
Cliente 1432,Restaurantes
Cliente 1433,Restaurantes
Cliente 1434,Tecnología
Cliente 1435,Producción
Cliente 1436,Producción
Cliente 1437,Salud
Cliente 1438,Retail
Cliente 1439,Tecnología
Cliente 1440,Retail
Cliente 1441,Salud
Cliente 1442,Producción
Cliente 1443,Salud
Cliente 1444,Retail
Cliente 1445,Producción
Cliente 1446,Restaurantes
Cliente 1447,Tecnología
Cliente 1448,Restaurantes
Cliente 1449,Restaurantes
Cliente 1450,Restaurantes
Cliente 1451,Producción
Cliente 1452,Restaurantes
Cliente 1453,Restaurantes
Cliente 1454,Restaurantes
Cliente 1455,Restaurantes
Cliente 1456,Restaurantes
Cliente 1457,Retail
Cliente 1458,Restaurantes
Cliente 1459,Retail
Cliente 1460,Restaurantes
Cliente 1461,Tecnología
Cliente 1462,Retail
Cliente 1463,Tecnología
Cliente 1464,Restaurantes
Cliente 1465,Producción
Cliente 1466,Restaurantes
Cliente 1467,Retail
Cliente 1468,Restaurantes
Cliente 1469,Salud
Cliente 1470,Producción
Cliente 1471,Producción
Cliente 1472,Salud
Cliente 1473,Retail
Cliente 1474,Salud
Cliente 1475,Tecnología
Cliente 1476,Salud
Cliente 1477,Restaurantes
Cliente 1478,Salud
Cliente 1479,Servicios profesionales
Cliente 1480,Restaurantes
Cliente 1481,Producción
Cliente 1482,Producción
Cliente 1483,Retail
Cliente 1484,Restaurantes
Cliente 1485,Restaurantes
Cliente 1486,Retail
Cliente 1487,Producción
Cliente 1488,Restaurantes
Cliente 1489,Restaurantes
Cliente 1490,Tecnología
Cliente 1491,Retail
Cliente 1492,Producción
Cliente 1493,Producción
Cliente 1494,Salud
Cliente 1495,Producción
Cliente 1496,Tecnología
Cliente 1497,Servicios profesionales
Cliente 1498,Salud
Cliente 1499,Salud
Cliente 1500,Tecnología
Cliente 1501,Retail
Cliente 1502,Restaurantes
Cliente 1503,Salud
Cliente 1504,Producción
Cliente 1505,Restaurantes
Cliente 1506,Producción
Cliente 1507,Retail
Cliente 1508,Retail
Cliente 1509,Producción
Cliente 1510,Retail
Cliente 1511,Restaurantes
Cliente 1512,Restaurantes
Cliente 1513,Retail
Cliente 1514,Tecnología
Cliente 1515,Salud
Cliente 1516,Producción
Cliente 1517,Producción
Cliente 1518,Tecnología
Cliente 1519,Producción
Cliente 1520,Salud
Cliente 1521,Restaurantes
Cliente 1522,Tecnología
Cliente 1523,Retail
Cliente 1524,Producción
Cliente 1525,Producción
Cliente 1526,Restaurantes
Cliente 1527,Retail
Cliente 1528,Servicios profesionales
Cliente 1529,Producción
Cliente 1530,Producción
Cliente 1531,Retail
Cliente 1532,Producción
Cliente 1533,Producción
Cliente 1534,Salud
Cliente 1535,Retail
Cliente 1536,Retail
Cliente 1537,Restaurantes
Cliente 1538,Salud
Cliente 1539,Retail
Cliente 1540,Servicios profesionales
Cliente 1541,Restaurantes
Cliente 1542,Restaurantes
Cliente 1543,Tecnología
Cliente 1544,Restaurantes
Cliente 1545,Retail
Cliente 1546,Retail
Cliente 1547,Retail
Cliente 1548,Tecnología
Cliente 1549,Restaurantes
Cliente 1550,Restaurantes
Cliente 1551,Retail
Cliente 1552,Producción
Cliente 1553,Producción
Cliente 1554,Restaurantes
Cliente 1555,Servicios profesionales
Cliente 1556,Salud
Cliente 1557,Restaurantes
Cliente 1558,Salud
Cliente 1559,Servicios profesionales
Cliente 1560,Retail
Cliente 1561,Producción
Cliente 1562,Retail
Cliente 1563,Producción
Cliente 1564,Producción
Cliente 1565,Producción
Cliente 1566,Retail
Cliente 1567,Restaurantes
Cliente 1568,Restaurantes
Cliente 1569,Servicios profesionales
Cliente 1570,Salud
Cliente 1571,Retail
Cliente 1572,Producción
Cliente 1573,Restaurantes
Cliente 1574,Servicios profesionales
Cliente 1575,Restaurantes
Cliente 1576,Producción
Cliente 1577,Retail
Cliente 1578,Retail
Cliente 1579,Restaurantes
Cliente 1580,Restaurantes
Cliente 1581,Retail
Cliente 1582,Restaurantes
Cliente 1583,Servicios profesionales
Cliente 1584,Tecnología
Cliente 1585,Restaurantes
Cliente 1586,Servicios profesionales
Cliente 1587,Retail
Cliente 1588,Restaurantes
Cliente 1589,Retail
Cliente 1590,Producción
Cliente 1591,Salud
Cliente 1592,Restaurantes
Cliente 1593,Restaurantes
Cliente 1594,Servicios profesionales
Cliente 1595,Restaurantes
Cliente 1596,Producción
Cliente 1597,Producción
Cliente 1598,Tecnología
Cliente 1599,Retail
Cliente 1600,Retail
Cliente 1601,Tecnología
Cliente 1602,Producción
Cliente 1603,Retail
Cliente 1604,Retail
Cliente 1605,Restaurantes
Cliente 1606,Producción
Cliente 1607,Tecnología
Cliente 1608,Salud
Cliente 1609,Servicios profesionales
Cliente 1610,Servicios profesionales
Cliente 1611,Producción
Cliente 1612,Restaurantes
Cliente 1613,Retail
Cliente 1614,Restaurantes
Cliente 1615,Servicios profesionales
Cliente 1616,Restaurantes
Cliente 1617,Restaurantes
Cliente 1618,Restaurantes
Cliente 1619,Producción
Cliente 1620,Retail
Cliente 1621,Tecnología
Cliente 1622,Tecnología
Cliente 1623,Retail
Cliente 1624,Restaurantes
Cliente 1625,Salud
Cliente 1626,Servicios profesionales
Cliente 1627,Restaurantes
Cliente 1628,Tecnología
Cliente 1629,Restaurantes
Cliente 1630,Restaurantes
Cliente 1631,Producción
Cliente 1632,Tecnología
Cliente 1633,Retail
Cliente 1634,Restaurantes
Cliente 1635,Retail
Cliente 1636,Servicios profesionales
Cliente 1637,Restaurantes
Cliente 1638,Restaurantes
Cliente 1639,Retail
Cliente 1640,Retail
Cliente 1641,Tecnología
Cliente 1642,Retail
Cliente 1643,Retail
Cliente 1644,Producción
Cliente 1645,Tecnología
Cliente 1646,Restaurantes
Cliente 1647,Restaurantes
Cliente 1648,Producción
Cliente 1649,Retail
Cliente 1650,Retail
Cliente 1651,Producción
Cliente 1652,Restaurantes
Cliente 1653,Producción
Cliente 1654,Salud
Cliente 1655,Retail
Cliente 1656,Producción
Cliente 1657,Producción
Cliente 1658,Producción
Cliente 1659,Servicios profesionales
Cliente 1660,Producción
Cliente 1661,Salud
Cliente 1662,Restaurantes
Cliente 1663,Restaurantes
Cliente 1664,Servicios profesionales
Cliente 1665,Tecnología
Cliente 1666,Producción
Cliente 1667,Restaurantes
Cliente 1668,Restaurantes
Cliente 1669,Producción
Cliente 1670,Producción
Cliente 1671,Servicios profesionales
Cliente 1672,Retail
Cliente 1673,Restaurantes
Cliente 1674,Retail
Cliente 1675,Restaurantes
Cliente 1676,Servicios profesionales
Cliente 1677,Producción
Cliente 1678,Retail
Cliente 1679,Tecnología
Cliente 1680,Restaurantes
Cliente 1681,Restaurantes
Cliente 1682,Retail
Cliente 1683,Servicios profesionales
Cliente 1684,Retail
Cliente 1685,Producción
Cliente 1686,Producción
Cliente 1687,Retail
Cliente 1688,Restaurantes
Cliente 1689,Restaurantes
Cliente 1690,Retail
Cliente 1691,Restaurantes
Cliente 1692,Tecnología
Cliente 1693,Servicios profesionales
Cliente 1694,Retail
Cliente 1695,Restaurantes
Cliente 1696,Restaurantes
Cliente 1697,Retail
Cliente 1698,Retail
Cliente 1699,Producción
Cliente 1700,Tecnología
Cliente 1701,Producción
Cliente 1702,Retail
Cliente 1703,Retail
Cliente 1704,Restaurantes
Cliente 1705,Restaurantes
Cliente 1706,Restaurantes
Cliente 1707,Retail
Cliente 1708,Salud
Cliente 1709,Producción
Cliente 1710,Producción
Cliente 1711,Producción
Cliente 1712,Producción
Cliente 1713,Retail
Cliente 1714,Tecnología
Cliente 1715,Salud
Cliente 1716,Salud
Cliente 1717,Restaurantes
Cliente 1718,Tecnología
Cliente 1719,Tecnología
Cliente 1720,Retail
Cliente 1721,Producción
Cliente 1722,Retail
Cliente 1723,Tecnología
Cliente 1724,Retail
Cliente 1725,Servicios profesionales
Cliente 1726,Producción
Cliente 1727,Restaurantes
Cliente 1728,Salud
Cliente 1729,Restaurantes
Cliente 1730,Restaurantes
Cliente 1731,Restaurantes
Cliente 1732,Salud
Cliente 1733,Retail
Cliente 1734,Servicios profesionales
Cliente 1735,Retail
Cliente 1736,Producción
Cliente 1737,Retail
Cliente 1738,Restaurantes
Cliente 1739,Restaurantes
Cliente 1740,Tecnología
Cliente 1741,Servicios profesionales
Cliente 1742,Producción
Cliente 1743,Tecnología
Cliente 1744,Restaurantes
Cliente 1745,Servicios profesionales
Cliente 1746,Salud
Cliente 1747,Producción
Cliente 1748,Retail
Cliente 1749,Restaurantes
Cliente 1750,Retail
Cliente 1751,Restaurantes
Cliente 1752,Producción
Cliente 1753,Restaurantes
Cliente 1754,Restaurantes
Cliente 1755,Servicios profesionales
Cliente 1756,Restaurantes
Cliente 1757,Retail
Cliente 1758,Tecnología
Cliente 1759,Tecnología
Cliente 1760,Servicios profesionales
Cliente 1761,Restaurantes
Cliente 1762,Tecnología
Cliente 1763,Salud
Cliente 1764,Tecnología
Cliente 1765,Servicios profesionales
Cliente 1766,Retail
Cliente 1767,Tecnología
Cliente 1768,Producción
Cliente 1769,Salud
Cliente 1770,Producción
Cliente 1771,Producción
Cliente 1772,Restaurantes
Cliente 1773,Restaurantes
Cliente 1774,Restaurantes
Cliente 1775,Producción
Cliente 1776,Servicios profesionales
Cliente 1777,Restaurantes
Cliente 1778,Restaurantes
Cliente 1779,Producción
Cliente 1780,Retail
Cliente 1781,Restaurantes
Cliente 1782,Restaurantes
Cliente 1783,Servicios profesionales
Cliente 1784,Producción
Cliente 1785,Tecnología
Cliente 1786,Producción
Cliente 1787,Producción
Cliente 1788,Servicios profesionales
Cliente 1789,Tecnología
Cliente 1790,Restaurantes
Cliente 1791,Retail
Cliente 1792,Restaurantes
Cliente 1793,Retail
Cliente 1794,Restaurantes
Cliente 1795,Producción
Cliente 1796,Salud
Cliente 1797,Producción
Cliente 1798,Servicios profesionales
Cliente 1799,Restaurantes
Cliente 1800,Producción
Cliente 1801,Retail
Cliente 1802,Restaurantes
Cliente 1803,Producción
Cliente 1804,Producción
Cliente 1805,Producción
Cliente 1806,Tecnología
Cliente 1807,Producción
Cliente 1808,Restaurantes
Cliente 1809,Retail
Cliente 1810,Restaurantes
Cliente 1811,Servicios profesionales
Cliente 1812,Tecnología
Cliente 1813,Retail
Cliente 1814,Retail
Cliente 1815,Restaurantes
Cliente 1816,Retail
Cliente 1817,Tecnología
Cliente 1818,Restaurantes
Cliente 1819,Producción
Cliente 1820,Retail
Cliente 1821,Producción
Cliente 1822,Restaurantes
Cliente 1823,Salud
Cliente 1824,Producción
Cliente 1825,Retail
Cliente 1826,Producción
Cliente 1827,Retail
Cliente 1828,Retail
Cliente 1829,Retail
Cliente 1830,Retail
Cliente 1831,Tecnología
Cliente 1832,Servicios profesionales
Cliente 1833,Retail
Cliente 1834,Retail
Cliente 1835,Tecnología
Cliente 1836,Retail
Cliente 1837,Retail
Cliente 1838,Producción
Cliente 1839,Restaurantes
Cliente 1840,Retail
Cliente 1841,Tecnología
Cliente 1842,Producción
Cliente 1843,Retail
Cliente 1844,Producción
Cliente 1845,Salud
Cliente 1846,Tecnología
Cliente 1847,Restaurantes
Cliente 1848,Salud
Cliente 1849,Retail
Cliente 1850,Producción
Cliente 1851,Retail
Cliente 1852,Servicios profesionales
Cliente 1853,Retail
Cliente 1854,Servicios profesionales
Cliente 1855,Retail
Cliente 1856,Retail
Cliente 1857,Salud
Cliente 1858,Tecnología
Cliente 1859,Retail
Cliente 1860,Producción
Cliente 1861,Servicios profesionales
Cliente 1862,Retail
Cliente 1863,Producción
Cliente 1864,Restaurantes
Cliente 1865,Restaurantes
Cliente 1866,Restaurantes
Cliente 1867,Retail
Cliente 1868,Retail
Cliente 1869,Retail
Cliente 1870,Producción
Cliente 1871,Salud
Cliente 1872,Retail
Cliente 1873,Salud
Cliente 1874,Retail
Cliente 1875,Retail
Cliente 1876,Tecnología
Cliente 1877,Restaurantes
Cliente 1878,Servicios profesionales
Cliente 1879,Tecnología
Cliente 1880,Restaurantes
Cliente 1881,Restaurantes
Cliente 1882,Producción
Cliente 1883,Tecnología
Cliente 1884,Retail
Cliente 1885,Servicios profesionales
Cliente 1886,Restaurantes
Cliente 1887,Producción
Cliente 1888,Retail
Cliente 1889,Retail
Cliente 1890,Tecnología
Cliente 1891,Retail
Cliente 1892,Servicios profesionales
Cliente 1893,Retail
Cliente 1894,Salud
Cliente 1895,Restaurantes
Cliente 1896,Restaurantes
Cliente 1897,Producción
Cliente 1898,Restaurantes
Cliente 1899,Restaurantes
Cliente 1900,Retail
Cliente 1901,Producción
Cliente 1902,Tecnología
Cliente 1903,Producción
Cliente 1904,Retail
Cliente 1905,Retail
Cliente 1906,Restaurantes
Cliente 1907,Servicios profesionales
Cliente 1908,Servicios profesionales
Cliente 1909,Retail
Cliente 1910,Retail
Cliente 1911,Retail
Cliente 1912,Producción
Cliente 1913,Restaurantes
Cliente 1914,Restaurantes
Cliente 1915,Restaurantes
Cliente 1916,Producción
Cliente 1917,Restaurantes
Cliente 1918,Servicios profesionales
Cliente 1919,Salud
Cliente 1920,Producción
Cliente 1921,Restaurantes
Cliente 1922,Restaurantes
Cliente 1923,Restaurantes
Cliente 1924,Producción
Cliente 1925,Servicios profesionales
Cliente 1926,Tecnología
Cliente 1927,Salud
Cliente 1928,Tecnología
Cliente 1929,Retail
Cliente 1930,Tecnología
Cliente 1931,Producción
Cliente 1932,Producción
Cliente 1933,Retail
Cliente 1934,Restaurantes
Cliente 1935,Tecnología
Cliente 1936,Restaurantes
Cliente 1937,Producción
Cliente 1938,Tecnología
Cliente 1939,Servicios profesionales
Cliente 1940,Servicios profesionales
Cliente 1941,Salud
Cliente 1942,Restaurantes
Cliente 1943,Retail
Cliente 1944,Salud
Cliente 1945,Restaurantes
Cliente 1946,Retail
Cliente 1947,Salud
Cliente 1948,Servicios profesionales
Cliente 1949,Retail
Cliente 1950,Restaurantes
Cliente 1951,Retail
Cliente 1952,Restaurantes
Cliente 1953,Tecnología
Cliente 1954,Restaurantes
Cliente 1955,Restaurantes
Cliente 1956,Restaurantes
Cliente 1957,Restaurantes
Cliente 1958,Producción
Cliente 1959,Restaurantes
Cliente 1960,Retail
Cliente 1961,Producción
,