Month,PaidMedia,Travel,PublicidadNoWeb,Freelance,SoftwareTools,Team,PayrollExpenses
2022-01,$1.040,$0.120,$0.340,$0.100,$0.080,$0.240,$0.080
2022-02,$1.081,$0.161,$0.391,$0.115,$0.092,$0.276,$0.184
2022-03,$1.081,$0.161,$0.276,$0.115,$0.138,$0.276,$0.253
2022-04,$1.222,$0.141,$0.400,$0.141,$0.118,$0.282,$0.047
2022-05,$1.350,$0.189,$0.324,$0.189,$0.081,$0.324,$0.243
2022-06,$1.058,$0.141,$0.376,$0.141,$0.141,$0.282,$0.212
2022-07,$0.880,$0.132,$0.308,$0.198,$0.132,$0.264,$0.286
2022-08,$1.300,$0.195,$0.553,$0.228,$0.098,$0.390,$0.487
2022-09,$1.505,$0.245,$0.630,$0.280,$0.140,$0.420,$0.280
2022-10,$1.463,$0.263,$0.450,$0.338,$0.188,$0.450,$0.600
2022-11,$1.500,$0.210,$0.420,$0.270,$0.090,$0.360,$0.150
2022-12,$1.300,$0.195,$0.520,$0.228,$0.098,$0.390,$0.520
2023-01,$1.365,$0.228,$0.585,$0.163,$0.195,$0.390,$0.325
2023-02,$1.050,$0.150,$0.425,$0.200,$0.100,$0.300,$0.275
2023-03,$1.305,$0.174,$0.377,$0.116,$0.087,$0.348,$0.493
2023-04,$1.387,$0.177,$0.354,$0.177,$0.148,$0.354,$0.354
2023-05,$1.380,$0.242,$0.414,$0.000,$0.138,$0.414,$0.863
2023-06,$0.828,$0.126,$0.252,$0.072,$0.072,$0.412,$0.038
2023-07,$0.683,$0.123,$0.280,$0.000,$0.070,$0.415,$0.180
2023-08,$0.400,$0.066,$0.176,$0.000,$0.033,$0.416,$0.009
2023-09,$0.513,$0.075,$0.163,$0.000,$0.038,$0.419,$0.044
2023-10,$0.554,$0.081,$0.216,$0.000,$0.054,$0.423,$0.023
2023-11,$0.598,$0.078,$0.156,$0.000,$0.052,$0.432,-$0.016
2023-12,$0.675,$0.090,$0.255,$0.000,$0.090,$0.443,-$0.053
2024-01,$0.703,$0.130,$0.333,$0.000,$0.074,$0.442,$0.169
2024-02,$1.020,$0.120,$0.300,$0.000,$0.120,$0.443,-$0.003
2024-03,$0.875,$0.105,$0.298,$0.000,$0.088,$0.432,-$0.047
2024-04,$1.035,$0.135,$0.293,$0.000,$0.068,$0.442,$0.278
2024-05,$1.105,$0.141,$0.353,$0.000,$0.141,$0.445,$0.166
2024-06,$0.980,$0.120,$0.360,$0.000,$0.060,$0.447,$0.033
2024-07,$0.900,$0.108,$0.288,$0.000,$0.072,$0.448,-$0.016
2024-08,$0.874,$0.114,$0.266,$0.000,$0.057,$0.449,$0.140
2024-09,$0.740,$0.130,$0.259,$0.000,$0.093,$0.449,$0.180
2024-10,$0.780,$0.120,$0.260,$0.000,$0.080,$0.453,$0.307